"project_id","project_name","team_name","project_type","repository","developer_id","developer_name","minecraft_name","username","is_builder","is_staff","avatar_url"
"420","有借无还","叁玖领域","参赛模组","https://gitea.bot.leisuretimedock.top/R3944Realms/LendAndRegret","9072918679c240b49eb231e89f943c87","3944Realms","3944Realms","3944Realms","false","false","https://biluochun.teacon.cn/api/v1/user/avatar?user=9072918679c240b49eb231e89f943c87"
"420","有借无还","叁玖领域","参赛模组","https://gitea.bot.leisuretimedock.top/R3944Realms/LendAndRegret","05af4c8922c1426fa12d5c9ce85de7b5","Murasame_chaan","Murasame_chaan","Murasame_chaan","false","false","https://biluochun.teacon.cn/api/v1/user/avatar?user=05af4c8922c1426fa12d5c9ce85de7b5"
"420","有借无还","叁玖领域","参赛模组","https://gitea.bot.leisuretimedock.top/R3944Realms/LendAndRegret","88ff55aa664e43658f84b08d16a6af3b","MOYunRu","MOYunRu","MOYunRu","false","false","https://biluochun.teacon.cn/api/v1/user/avatar?user=88ff55aa664e43658f84b08d16a6af3b"
"420","有借无还","叁玖领域","参赛模组","https://gitea.bot.leisuretimedock.top/R3944Realms/LendAndRegret","6e1729836e8f4422802a964f5e98512e","Fx_yu","Fx_yu","Fx_yu","false","false","https://biluochun.teacon.cn/api/v1/user/avatar?user=6e1729836e8f4422802a964f5e98512e"
"420","有借无还","叁玖领域","参赛模组","https://gitea.bot.leisuretimedock.top/R3944Realms/LendAndRegret","8ab2c786a27e4b4bb562706d8c441820","Apot2s","Apot2s","Apot2s","false","false","https://biluochun.teacon.cn/api/v1/user/avatar?user=8ab2c786a27e4b4bb562706d8c441820"
"431","Roads","xkball and ?, Ⅱ","参赛模组","https://github.com/xkball/roads","41d84c1ff65e49cdaa61b239da7579a3","xkball","xkball","xkball","false","true","https://biluochun.teacon.cn/api/v1/user/avatar?user=41d84c1ff65e49cdaa61b239da7579a3"
"431","Roads","xkball and ?, Ⅱ","参赛模组","https://github.com/xkball/roads","ab53776c9f48401ca4a8b5176a51d3c0","skyinr","skyinr","skyinr","false","false","https://biluochun.teacon.cn/api/v1/user/avatar?user=ab53776c9f48401ca4a8b5176a51d3c0"
"434","袖里舆图","天枢开发组","参赛模组","https://github.com/Gu-ZT/aleeve-atlas","a7a00f4cb57043238375253e1ce0c3da","Gugle","Gugle","古镇天Gugle","false","false","https://biluochun.teacon.cn/api/v1/user/avatar?user=a7a00f4cb57043238375253e1ce0c3da"
"439","V我50","手气最佳","参赛模组","https://github.com/Glyceryl6/vw50-26.1.2","736318400b6142abb54e2bbadb7cea82","Zoshsgahdnkc","Zoshsgahdnkc","Zoshsgahdnkc","false","false","https://biluochun.teacon.cn/api/v1/user/avatar?user=736318400b6142abb54e2bbadb7cea82"
"439","V我50","手气最佳","参赛模组","https://github.com/Glyceryl6/vw50-26.1.2","a629773a27564159915f6267b9ec2d01","Glyceryl6","Glyceryl6","Glyceryl6","false","false","https://biluochun.teacon.cn/api/v1/user/avatar?user=a629773a27564159915f6267b9ec2d01"
"441","NeoMystiasIzakaya","mc幻想乡","参赛模组","https://github.com/Crystal1921/NeoMystiasIzakaya","35567f2eba7b4c8380bb939232676d88","Crystal1921","Crystal1921","Crystal1921","false","false","https://biluochun.teacon.cn/api/v1/user/avatar?user=35567f2eba7b4c8380bb939232676d88"
"441","NeoMystiasIzakaya","mc幻想乡","参赛模组","https://github.com/Crystal1921/NeoMystiasIzakaya","403747b775cc4387a8c1e04708e1abe2","kaguya154","kaguya154","kaguya154","false","false","https://biluochun.teacon.cn/api/v1/user/avatar?user=403747b775cc4387a8c1e04708e1abe2"
"441","NeoMystiasIzakaya","mc幻想乡","参赛模组","https://github.com/Crystal1921/NeoMystiasIzakaya","c449f7c9d39e403f879e4b780199a943","hailuo1001","hailuo1001","hailuo1001","false","false","https://biluochun.teacon.cn/api/v1/user/avatar?user=c449f7c9d39e403f879e4b780199a943"
"441","NeoMystiasIzakaya","mc幻想乡","参赛模组","https://github.com/Crystal1921/NeoMystiasIzakaya","0a1f34816bea416ca4c1317c8159129a","KISIN_REIMU","KISIN_REIMU","KISIN_REIMU","false","false","https://biluochun.teacon.cn/api/v1/user/avatar?user=0a1f34816bea416ca4c1317c8159129a"
"441","NeoMystiasIzakaya","mc幻想乡","参赛模组","https://github.com/Crystal1921/NeoMystiasIzakaya","493b9a17978548d7916a55711a6347df","MuyeNaiNai","MuyeNaiNai","MuyeNaiNai","false","false","https://biluochun.teacon.cn/api/v1/user/avatar?user=493b9a17978548d7916a55711a6347df"
"446","急","MaxPixel Studios Development","参赛模组","https://github.com/XiaoPangxie732/Hurriedness","c73c958be6c84c3d8543c2f57fbd134b","Xiao_Pang_xie","Xiao_Pang_xie","Xiao_Pang_xie","false","false","https://biluochun.teacon.cn/api/v1/user/avatar?user=c73c958be6c84c3d8543c2f57fbd134b"
"459","我的肉鸽","维度跃迁","参赛模组","https://github.com/Ver-shift/SubModulesGeneHunter","d09a076e30714d4aa98e5e80cc14d45d","zhaodaxiazhansh","zhaodaxiazhansh","zhaodaxiazhansh","false","false","https://biluochun.teacon.cn/api/v1/user/avatar?user=d09a076e30714d4aa98e5e80cc14d45d"
"464","山河同契","天枢开发组-山河同契","参赛模组","https://github.com/Gu-ZT/bonded-peaks","a7a00f4cb57043238375253e1ce0c3da","Gugle","Gugle","古镇天Gugle","false","false","https://biluochun.teacon.cn/api/v1/user/avatar?user=a7a00f4cb57043238375253e1ce0c3da"
"466","铁砧工艺：猫+!","冷月冰雨萃梦屋","参赛模组","https://github.com/ZhuRuoLing/NekoPlus","6a90ad9970c841b0a866e350e45489db","ZhuRuoLing","ZhuRuoLing","ZhuRuoLing","false","false","https://biluochun.teacon.cn/api/v1/user/avatar?user=6a90ad9970c841b0a866e350e45489db"
"466","铁砧工艺：猫+!","冷月冰雨萃梦屋","参赛模组","https://github.com/ZhuRuoLing/NekoPlus","a9cb8465413c43ae958487370ae54c34","MSDNicrosoft","MSDNicrosoft","MSDNicrosoft","false","false","https://biluochun.teacon.cn/api/v1/user/avatar?user=a9cb8465413c43ae958487370ae54c34"
"466","铁砧工艺：猫+!","冷月冰雨萃梦屋","参赛模组","https://github.com/ZhuRuoLing/NekoPlus","d606faeea3f0434cbaf25f515efb847b","MercuryGryph","MercuryGryph","9猫猫","false","false","https://biluochun.teacon.cn/api/v1/user/avatar?user=d606faeea3f0434cbaf25f515efb847b"
"466","铁砧工艺：猫+!","冷月冰雨萃梦屋","参赛模组","https://github.com/ZhuRuoLing/NekoPlus","212c5e198d74473c9a8c520a8d93cca0","DancingSnow","DancingSnow","DancingSnow","false","false","https://biluochun.teacon.cn/api/v1/user/avatar?user=212c5e198d74473c9a8c520a8d93cca0"
"466","铁砧工艺：猫+!","冷月冰雨萃梦屋","参赛模组","https://github.com/ZhuRuoLing/NekoPlus","9d1d0c19ad8f4f7faf0a4e4d4360664c","CcendercatcC","CcendercatcC","CcendercatcC","false","false","https://biluochun.teacon.cn/api/v1/user/avatar?user=9d1d0c19ad8f4f7faf0a4e4d4360664c"
"471","本质主义","北极星工作室","参赛模组","https://github.com/Polari-Stars-MC/essentialism","b0759699a46e4b93b85848d2829caac7","baka4n","baka4n","baka4n","false","false","https://biluochun.teacon.cn/api/v1/user/avatar?user=b0759699a46e4b93b85848d2829caac7"
"495","万物皆可绳","众猫抬猫猫猫高","参赛模组","https://github.com/zhongbai2333/Super-Lead","436c531ab1bf43f7a25e039b34c4ced7","zhongbai233","zhongbai233","zhongbai233","false","false","https://biluochun.teacon.cn/api/v1/user/avatar?user=436c531ab1bf43f7a25e039b34c4ced7"
"497","织影落花","织影落花制作组","参赛模组","https://github.com/SShakusora/ShadowsAndPetals","fb112af485274ff4b5385303ccf2650b","SShakusora","SShakusora","SShakusora","false","false","https://biluochun.teacon.cn/api/v1/user/avatar?user=fb112af485274ff4b5385303ccf2650b"
"497","织影落花","织影落花制作组","参赛模组","https://github.com/SShakusora/ShadowsAndPetals","f1af4d2496404b129760136d15cb3e90","Lexsteam","Lexsteam","Centurion","false","false","https://biluochun.teacon.cn/api/v1/user/avatar?user=f1af4d2496404b129760136d15cb3e90"
"497","织影落花","织影落花制作组","参赛模组","https://github.com/SShakusora/ShadowsAndPetals","19d57417be7c4150a0253e53153c8fff","CandySanjo","CandySanjo","CandySanjo","false","false","https://biluochun.teacon.cn/api/v1/user/avatar?user=19d57417be7c4150a0253e53153c8fff"
"497","织影落花","织影落花制作组","参赛模组","https://github.com/SShakusora/ShadowsAndPetals","3779e8eb78d24da29bdd5a34c8b76344","liziluyu","liziluyu","liziluyu","false","false","https://biluochun.teacon.cn/api/v1/user/avatar?user=3779e8eb78d24da29bdd5a34c8b76344"
"514","无穷桌游","MaxPixel Studios Development ∞","参赛模组","https://github.com/XiaoPangxie732/InfiniteBoardGames","c73c958be6c84c3d8543c2f57fbd134b","Xiao_Pang_xie","Xiao_Pang_xie","Xiao_Pang_xie","false","false","https://biluochun.teacon.cn/api/v1/user/avatar?user=c73c958be6c84c3d8543c2f57fbd134b"
"521","时间胶囊（Time Capsule）","XCVII-CREATER","参赛模组","https://github.com/mrqx0195/Time-Capsule","f5603e9dc96441eb9ce02085896c1ed5","mrqx0195","mrqx0195","mrqx0195","false","false","https://biluochun.teacon.cn/api/v1/user/avatar?user=f5603e9dc96441eb9ce02085896c1ed5"
"521","时间胶囊（Time Capsule）","XCVII-CREATER","参赛模组","https://github.com/mrqx0195/Time-Capsule","2be98f495b9d41d0b0d8e634ba749869","Xiao_Tin","Xiao_Tin","Xiao_Tin","false","false","https://biluochun.teacon.cn/api/v1/user/avatar?user=2be98f495b9d41d0b0d8e634ba749869"
"526","联界门","联界门","参赛模组","https://github.com/haohao-0407/Link-Portals","48047d9663844c6fba996318da579d51","haohao0407","haohao0407","haohao0407","false","false","https://biluochun.teacon.cn/api/v1/user/avatar?user=48047d9663844c6fba996318da579d51"
"528","吉星工艺（Astral Craft）","我真求你了只要别给我骰1你说什么都队","参赛模组","https://github.com/Glyceryl6/AstralCraft-26.1.2","a629773a27564159915f6267b9ec2d01","Glyceryl6","Glyceryl6","Glyceryl6","false","false","https://biluochun.teacon.cn/api/v1/user/avatar?user=a629773a27564159915f6267b9ec2d01"
"542","Grack","MaxPixel Studios Development γ","参赛模组","https://github.com/XiaoPangxie732/Grack","c73c958be6c84c3d8543c2f57fbd134b","Xiao_Pang_xie","Xiao_Pang_xie","Xiao_Pang_xie","false","false","https://biluochun.teacon.cn/api/v1/user/avatar?user=c73c958be6c84c3d8543c2f57fbd134b"
"547","混沌炼金","玫瑰十字会","参赛模组","https://github.com/linngdu664/transmutatoria","7100429033e24a7d94e07678d7b24b2d","Linngdu664","Linngdu664","Linngdu664","false","false","https://biluochun.teacon.cn/api/v1/user/avatar?user=7100429033e24a7d94e07678d7b24b2d"
"547","混沌炼金","玫瑰十字会","参赛模组","https://github.com/linngdu664/transmutatoria","bdc68cbd4a4b4d92b7eff40455df1051","zx1316","zx1316","zx1316","false","false","https://biluochun.teacon.cn/api/v1/user/avatar?user=bdc68cbd4a4b4d92b7eff40455df1051"
"547","混沌炼金","玫瑰十字会","参赛模组","https://github.com/linngdu664/transmutatoria","fa5a2fe51a8a4725b5542c3b037a4854","ESENsNess","ESENsNess","ESENsNess","false","false","https://biluochun.teacon.cn/api/v1/user/avatar?user=fa5a2fe51a8a4725b5542c3b037a4854"
"552","玩偶","MaxPixel Studios Development δ","参赛模组","https://github.com/XiaoPangxie732/Doll","c73c958be6c84c3d8543c2f57fbd134b","Xiao_Pang_xie","Xiao_Pang_xie","Xiao_Pang_xie","false","false","https://biluochun.teacon.cn/api/v1/user/avatar?user=c73c958be6c84c3d8543c2f57fbd134b"
"561","Girlfriends","重生之我在 TeaCon 做 Galgame","参赛模组","https://github.com/Viola-Siemens/Girlfriends","60784eccfd0048d4b8a108eb9516a458","Viola_Siemens","Viola_Siemens","Viola_Siemens","false","false","https://biluochun.teacon.cn/api/v1/user/avatar?user=60784eccfd0048d4b8a108eb9516a458"
"562","Craton（克拉通）","CratonMC","参赛模组","https://github.com/CratonMC/Craton","c88607745a54484983cb1ad89d2539c8","jianzoushihu","jianzoushihu","jianzoushihu","false","false","https://biluochun.teacon.cn/api/v1/user/avatar?user=c88607745a54484983cb1ad89d2539c8"
"562","Craton（克拉通）","CratonMC","参赛模组","https://github.com/CratonMC/Craton","41d84c1ff65e49cdaa61b239da7579a3","xkball","xkball","xkball","false","true","https://biluochun.teacon.cn/api/v1/user/avatar?user=41d84c1ff65e49cdaa61b239da7579a3"
"562","Craton（克拉通）","CratonMC","参赛模组","https://github.com/CratonMC/Craton","a94bf72be1494093834f101e772d8087","Durin_Skeleton","Durin_Skeleton","Durin_Skeleton","false","false","https://biluochun.teacon.cn/api/v1/user/avatar?user=a94bf72be1494093834f101e772d8087"
"562","Craton（克拉通）","CratonMC","参赛模组","https://github.com/CratonMC/Craton","cb5e34e8ee2a4b208e60a7ccdbf18ee4","Lyuuke","Lyuuke","Lyuuke","false","false","https://biluochun.teacon.cn/api/v1/user/avatar?user=cb5e34e8ee2a4b208e60a7ccdbf18ee4"
"565","吾有一术：新秩序","另有队 附属","参赛模组","https://github.com/gyxx-xc/WenyanAddon","cdac7bf1422a4bb4babfd570b0f2455f","gyxx_xc","gyxx_xc","gyxx_xc","false","false","https://biluochun.teacon.cn/api/v1/user/avatar?user=cdac7bf1422a4bb4babfd570b0f2455f"
"565","吾有一术：新秩序","另有队 附属","参赛模组","https://github.com/gyxx-xc/WenyanAddon","f65938afe22542e183aaa71444bbf6e5","ugnjhjf","ugnjhjf","ugnjhjf","false","false","https://biluochun.teacon.cn/api/v1/user/avatar?user=f65938afe22542e183aaa71444bbf6e5"
"565","吾有一术：新秩序","另有队 附属","参赛模组","https://github.com/gyxx-xc/WenyanAddon","2d036f99ea9f49568e711998c17afa1a","I_am_a_lolikong","I_am_a_lolikong","I_am_a_lolikong","false","false","https://biluochun.teacon.cn/api/v1/user/avatar?user=2d036f99ea9f49568e711998c17afa1a"
"569","方生未逝","紫剑重工","参赛模组","https://github.com/qyl27/LivingUnvanished","f4cab28106b1424c862e7ed52760dcf2","zijianniubi","zijianniubi","zijianniubi","false","false","https://biluochun.teacon.cn/api/v1/user/avatar?user=f4cab28106b1424c862e7ed52760dcf2"
"569","方生未逝","紫剑重工","参赛模组","https://github.com/qyl27/LivingUnvanished","a94bf72be1494093834f101e772d8087","Durin_Skeleton","Durin_Skeleton","Durin_Skeleton","false","false","https://biluochun.teacon.cn/api/v1/user/avatar?user=a94bf72be1494093834f101e772d8087"
"569","方生未逝","紫剑重工","参赛模组","https://github.com/qyl27/LivingUnvanished","feacb1c1bc174b979207b28502de56c5","Infinity_rain","Infinity_rain","Infinity_rain","false","false","https://biluochun.teacon.cn/api/v1/user/avatar?user=feacb1c1bc174b979207b28502de56c5"
"583","Valorant","一起来瓦","参赛模组","https://github.com/StrangeSmell/Valorant","1ba08a10fb0f4f8eabba51ce9beb62b7","Strange_Smell","Strange_Smell","Strange_Smell","false","false","https://biluochun.teacon.cn/api/v1/user/avatar?user=1ba08a10fb0f4f8eabba51ce9beb62b7"
"588","BoxDeco","Zbx1425","参赛模组","https://github.com/zbx1425/BoxDeco","558d17cba546409a9a6e84caad72c352","Zbx1425","Zbx1425","Zbx1425","false","true","https://biluochun.teacon.cn/api/v1/user/avatar?user=558d17cba546409a9a6e84caad72c352"
"591","拾贰木砧","拾贰光尘","参赛模组","https://github.com/XII-idea/twelve-wooden-anvil.git","8e89363948354f68b685a7485c101b7f","Steverjava","Steverjava","Steverjava","false","false","https://biluochun.teacon.cn/api/v1/user/avatar?user=8e89363948354f68b685a7485c101b7f"
"591","拾贰木砧","拾贰光尘","参赛模组","https://github.com/XII-idea/twelve-wooden-anvil.git","a75d95fdc87b4a3cabfda9d75ed99f4b","anjisuan608","anjisuan608","安基酸菌","false","false","https://biluochun.teacon.cn/api/v1/user/avatar?user=a75d95fdc87b4a3cabfda9d75ed99f4b"
"430","我想加入天际俯冲 Skyward Dive","那是……无法到达的地方","参赛模组","https://github.com/MarbleGateKeeper/SkywardDive","d79b83a9caf04161a02fe572415066f7","MarbleGateKeeper","MarbleGateKeeper","MarbleGateKeeper","false","false","https://biluochun.teacon.cn/api/v1/user/avatar?user=d79b83a9caf04161a02fe572415066f7"
"432","蜂会","IEEM Trivium Society","参赛模组","https://github.com/khjxiaogu/Beecrasy","47748133b7564e158276f3004da52c78","khjxiaogu","khjxiaogu","khjxiaogu","false","false","https://biluochun.teacon.cn/api/v1/user/avatar?user=47748133b7564e158276f3004da52c78"
"432","蜂会","IEEM Trivium Society","参赛模组","https://github.com/khjxiaogu/Beecrasy","cb5e34e8ee2a4b208e60a7ccdbf18ee4","Lyuuke","Lyuuke","Lyuuke","false","false","https://biluochun.teacon.cn/api/v1/user/avatar?user=cb5e34e8ee2a4b208e60a7ccdbf18ee4"
"438","进阶四叶草 Advanced Clover","未来道具研究所","参赛模组","https://github.com/luoxueyasha/AdvancedClover","3999e4aa9bdc446eb2bea319836d445b","luoxueyasha","luoxueyasha","luoxueyasha","false","false","https://biluochun.teacon.cn/api/v1/user/avatar?user=3999e4aa9bdc446eb2bea319836d445b"
"438","进阶四叶草 Advanced Clover","未来道具研究所","参赛模组","https://github.com/luoxueyasha/AdvancedClover","c5ed0cf5b2654d19a558bf6ed7809587","Enderman_zz","Enderman_zz","Enderman_zz","false","false","https://biluochun.teacon.cn/api/v1/user/avatar?user=c5ed0cf5b2654d19a558bf6ed7809587"
"440","收获：遗产","默默的摸鱼","参赛模组","https://github.com/theabab23333/HarvestHeritage","05c0395407a846118fdc7b9d7da694bb","theabab2333","theabab2333","theabab2333","false","false","https://biluochun.teacon.cn/api/v1/user/avatar?user=05c0395407a846118fdc7b9d7da694bb"
"440","收获：遗产","默默的摸鱼","参赛模组","https://github.com/theabab23333/HarvestHeritage","52a218adbee142f9aa5fd848bec4dc46","Abslb","Abslb","Abslb","false","false","https://biluochun.teacon.cn/api/v1/user/avatar?user=52a218adbee142f9aa5fd848bec4dc46"
"440","收获：遗产","默默的摸鱼","参赛模组","https://github.com/theabab23333/HarvestHeritage","7d7c8feda2e64b468a5a331ee7d63d55","GTriXylitol","GTriXylitol","GTriXylitol","false","false","https://biluochun.teacon.cn/api/v1/user/avatar?user=7d7c8feda2e64b468a5a331ee7d63d55"
"461","圣脾","蜂鸣器","参赛模组","https://github.com/TT432/shengpi","b239b3cbaf7d4b9b8ef93cac667baf57","QuinnSS","QuinnSS","DustW","false","false","https://biluochun.teacon.cn/api/v1/user/avatar?user=b239b3cbaf7d4b9b8ef93cac667baf57"
"465","最后的上勾拳 One Last Rising Uppercut","安娜","参赛模组","https://github.com/MarbleGateKeeper/OneLastRisingUppercut","d79b83a9caf04161a02fe572415066f7","MarbleGateKeeper","MarbleGateKeeper","MarbleGateKeeper","false","false","https://biluochun.teacon.cn/api/v1/user/avatar?user=d79b83a9caf04161a02fe572415066f7"
"470","MinecartRevolution","MinecartRevolution Dev","参赛模组","https://github.com/hotpad100c/mincartrevolution-neo","034280b468ef45288f4e8a059f820843","Ryan100C","Ryan100C","Ryan100C","false","false","https://biluochun.teacon.cn/api/v1/user/avatar?user=034280b468ef45288f4e8a059f820843"
"470","MinecartRevolution","MinecartRevolution Dev","参赛模组","https://github.com/hotpad100c/mincartrevolution-neo","9beea86a506546848a9fb221cb7fcedb","Liuyue_awa","Liuyue_awa","Liuyue_awa","false","false","https://biluochun.teacon.cn/api/v1/user/avatar?user=9beea86a506546848a9fb221cb7fcedb"
"470","MinecartRevolution","MinecartRevolution Dev","参赛模组","https://github.com/hotpad100c/mincartrevolution-neo","47010aac4edd47aeb1610dcc4e39ef88","Mulatram_UwU","Mulatram_UwU","Mulatram_UwU","false","false","https://biluochun.teacon.cn/api/v1/user/avatar?user=47010aac4edd47aeb1610dcc4e39ef88"
"470","MinecartRevolution","MinecartRevolution Dev","参赛模组","https://github.com/hotpad100c/mincartrevolution-neo","3a529f5652b749349598b5beb2947943","Hureherd","Hureherd","Hureherd","false","false","https://biluochun.teacon.cn/api/v1/user/avatar?user=3a529f5652b749349598b5beb2947943"
"470","MinecartRevolution","MinecartRevolution Dev","参赛模组","https://github.com/hotpad100c/mincartrevolution-neo","00fdfaab090945368ab7df9d7695e3b4","Yakon0705","Yakon0705","Yakon0705","false","false","https://biluochun.teacon.cn/api/v1/user/avatar?user=00fdfaab090945368ab7df9d7695e3b4"
"479","以太工艺","FantasyIT Studio","参赛模组","https://github.com/FantasyIT-Projects/ether-craft-neo","4929a2bcd842468fb2e9f31aa9099c77","xypp","xypp","xypp","false","false","https://biluochun.teacon.cn/api/v1/user/avatar?user=4929a2bcd842468fb2e9f31aa9099c77"
"479","以太工艺","FantasyIT Studio","参赛模组","https://github.com/FantasyIT-Projects/ether-craft-neo","b156aa39b5844dc68682eed88d5e0fb2","Yuuia","Yuuia","Yuuia","false","false","https://biluochun.teacon.cn/api/v1/user/avatar?user=b156aa39b5844dc68682eed88d5e0fb2"
"479","以太工艺","FantasyIT Studio","参赛模组","https://github.com/FantasyIT-Projects/ether-craft-neo","2f04a35291614dc9bd595de092d0be40","QSwOrDZ","QSwOrDZ","QSwOrDZ","false","false","https://biluochun.teacon.cn/api/v1/user/avatar?user=2f04a35291614dc9bd595de092d0be40"
"480","来自深渊：弹药包","Chlamydomonos","参赛模组","https://github.com/Chlamydomonos/Cartridge","af45cf27b5e247e1a1118ce22dd2fa8b","Chlamydomonos","Chlamydomonos","Chlamydomonos","false","false","https://biluochun.teacon.cn/api/v1/user/avatar?user=af45cf27b5e247e1a1118ce22dd2fa8b"
"485","我们意念合一","镜花水月","参赛模组","https://github.com/WhiseNT/OurThoughtsAreOne","fc56d7bed9a54209856f8ae27e45b2bc","WhiseNT","WhiseNT","WhiseNT","false","false","https://biluochun.teacon.cn/api/v1/user/avatar?user=fc56d7bed9a54209856f8ae27e45b2bc"
"486","和弦","KORD Lab","参赛模组","https://github.com/LNatit/KORD","38d80e60f99e42ceac2ee0ae9ee5c7fe","Loci_Natit","Loci_Natit","Loci_Natit","false","false","https://biluochun.teacon.cn/api/v1/user/avatar?user=38d80e60f99e42ceac2ee0ae9ee5c7fe"
"498","拾穗的贸易台","神秘魔法书","参赛模组","https://github.com/HaooooZhang/HarvistaTradingTable","8d50704e8172485d80478cea88530783","haoooo_","haoooo_","haoooo_","false","false","https://biluochun.teacon.cn/api/v1/user/avatar?user=8d50704e8172485d80478cea88530783"
"498","拾穗的贸易台","神秘魔法书","参赛模组","https://github.com/HaooooZhang/HarvistaTradingTable","a9a336b06056462f86191253401560ed","Aurora_Feather","Aurora_Feather","Aurora_Feather","false","false","https://biluochun.teacon.cn/api/v1/user/avatar?user=a9a336b06056462f86191253401560ed"
"499","Shake n Stir","hawah","参赛模组","https://github.com/hawahz/Shake-n-Stir","231a217b300641baa313b91454317fc8","_hawah_","_hawah_","_hawah_","false","false","https://biluochun.teacon.cn/api/v1/user/avatar?user=231a217b300641baa313b91454317fc8"
"503","本机正常","核马先生","参赛模组","https://github.com/LNatit/WorksOnMyMachine","c1810f262464459ba1b50ffa31899936","Lupinuz","Lupinuz","Lupinuz","false","false","https://biluochun.teacon.cn/api/v1/user/avatar?user=c1810f262464459ba1b50ffa31899936"
"504","书信，信号，电话","镭射牌","参赛模组","https://github.com/roylinglrl/letter-signal-phone","8778f930d5754b48bfaaaf8d498cb0b1","Royling","Royling","Royling","false","false","https://biluochun.teacon.cn/api/v1/user/avatar?user=8778f930d5754b48bfaaaf8d498cb0b1"
"505","更多交互","噶了给墓高寿","参赛模组","https://github.com/Amotassic/Extra-Interaction","88da8d6cc1ae465a91faa7398b6109bc","Amotassic","Amotassic","Amotassic","false","false","https://biluochun.teacon.cn/api/v1/user/avatar?user=88da8d6cc1ae465a91faa7398b6109bc"
"505","更多交互","噶了给墓高寿","参赛模组","https://github.com/Amotassic/Extra-Interaction","78dc123cbfd1466b9500ce6a955367f8","zhenshiz","zhenshiz","zhenshiz","false","false","https://biluochun.teacon.cn/api/v1/user/avatar?user=78dc123cbfd1466b9500ce6a955367f8"
"507","我的尖塔","永远的怕酱","参赛模组","https://github.com/PajangForever/Mine-the-Spire","bd1d782cf4874a44aa3f6fa183c1d61b","Pajang_Forever","Pajang_Forever","Pajang_Forever","false","false","https://biluochun.teacon.cn/api/v1/user/avatar?user=bd1d782cf4874a44aa3f6fa183c1d61b"
"511","多彩水晶","好漂亮的水晶啊","参赛模组","https://github.com/MercuryGryph/ColorfulCrystals","d606faeea3f0434cbaf25f515efb847b","MercuryGryph","MercuryGryph","9猫猫","false","false","https://biluochun.teacon.cn/api/v1/user/avatar?user=d606faeea3f0434cbaf25f515efb847b"
"511","多彩水晶","好漂亮的水晶啊","参赛模组","https://github.com/MercuryGryph/ColorfulCrystals","6a90ad9970c841b0a866e350e45489db","ZhuRuoLing","ZhuRuoLing","ZhuRuoLing","false","false","https://biluochun.teacon.cn/api/v1/user/avatar?user=6a90ad9970c841b0a866e350e45489db"
"525","Phone Generator","摇就对了","参赛模组","https://gitee.com/zxypp/phone_generator_mod","9c6491d156fb41e287e1b9629e7ee6cf","XiaoDengPiaoPiao","XiaoDengPiaoPiao","XiaoDengPiaoPiao","false","false","https://biluochun.teacon.cn/api/v1/user/avatar?user=9c6491d156fb41e287e1b9629e7ee6cf"
"525","Phone Generator","摇就对了","参赛模组","https://gitee.com/zxypp/phone_generator_mod","4929a2bcd842468fb2e9f31aa9099c77","xypp","xypp","xypp","false","false","https://biluochun.teacon.cn/api/v1/user/avatar?user=4929a2bcd842468fb2e9f31aa9099c77"
"540","铁砧工艺：天猫行空","天猫行空开发组","参赛模组","https://github.com/QiuShui1012/AnvilCraft-VoidInAir/","71a72a581e074ca88a3e0adad172984f","QiuShui1012","QiuShui1012","秋水AuU_","false","false","https://biluochun.teacon.cn/api/v1/user/avatar?user=71a72a581e074ca88a3e0adad172984f"
"543","NetherLink","暮の音","参赛模组","https://github.com/MUYUTwilighter/NetherLink","2e77afedc0e64bb59b7ba16e05211e74","MUYU_Twilighter","MUYU_Twilighter","MUYU_Twilighter","false","false","https://biluochun.teacon.cn/api/v1/user/avatar?user=2e77afedc0e64bb59b7ba16e05211e74"
"543","NetherLink","暮の音","参赛模组","https://github.com/MUYUTwilighter/NetherLink","7e1fdc94a84d4ccab2fd0877ef112041","Drazzilb_DZ","Drazzilb_DZ","Drazzilb_DZ","false","false","https://biluochun.teacon.cn/api/v1/user/avatar?user=7e1fdc94a84d4ccab2fd0877ef112041"
"545","动量","Annki","参赛模组","https://github.com/AkiraHane/Momentum","f04752cf9b544829ac126cffbe21f181","AkiraHane","AkiraHane","AkiraHane","false","false","https://biluochun.teacon.cn/api/v1/user/avatar?user=f04752cf9b544829ac126cffbe21f181"
"548","伤害枢纽","Damage Rebuilder","参赛模组","https://github.com/NaimJeg/DamageNexus","5cac87eb41cf45bfb196d2c503ee3c12","Mutsumi621","Mutsumi621","Mutsumi621","false","false","https://biluochun.teacon.cn/api/v1/user/avatar?user=5cac87eb41cf45bfb196d2c503ee3c12"
"551","无限地牢（Dungeon-Infinity）","莱特兰","参赛模组","https://github.com/Minecraft-LightLand/Dungeon-Infinity","ffb4eabaa2f9444fa9625d72426c1d36","MC_HuangTao","MC_HuangTao","MC_HuangTao","false","false","https://biluochun.teacon.cn/api/v1/user/avatar?user=ffb4eabaa2f9444fa9625d72426c1d36"
"551","无限地牢（Dungeon-Infinity）","莱特兰","参赛模组","https://github.com/Minecraft-LightLand/Dungeon-Infinity","5f0376e6764f414d811110375f2a8dcb","lcy0x1","lcy0x1","lcy0x1","false","false","https://biluochun.teacon.cn/api/v1/user/avatar?user=5f0376e6764f414d811110375f2a8dcb"
"551","无限地牢（Dungeon-Infinity）","莱特兰","参赛模组","https://github.com/Minecraft-LightLand/Dungeon-Infinity","5ba80d703b56445b86c8f861e352ddf0","WeiAL","WeiAL","WeiAL","false","false","https://biluochun.teacon.cn/api/v1/user/avatar?user=5ba80d703b56445b86c8f861e352ddf0"
"551","无限地牢（Dungeon-Infinity）","莱特兰","参赛模组","https://github.com/Minecraft-LightLand/Dungeon-Infinity","3f54b1a832b84c7d85c7087f28128050","toi_et_moi","toi_et_moi","toi_et_moi","false","false","https://biluochun.teacon.cn/api/v1/user/avatar?user=3f54b1a832b84c7d85c7087f28128050"
"557","Sip Moment","小酌一刻开发组","参赛模组","https://github.com/Renyigesai/sipmoment-template-26.1.2","4e91dd26ca7f45beb85600e6d5bf40b8","Renyigesai","Renyigesai","Renyigesai","false","false","https://biluochun.teacon.cn/api/v1/user/avatar?user=4e91dd26ca7f45beb85600e6d5bf40b8"
"557","Sip Moment","小酌一刻开发组","参赛模组","https://github.com/Renyigesai/sipmoment-template-26.1.2","f73f8826f4404105805ccb5d039784da","LYZdelight","LYZdelight","LYZdelight","false","false","https://biluochun.teacon.cn/api/v1/user/avatar?user=f73f8826f4404105805ccb5d039784da"
"557","Sip Moment","小酌一刻开发组","参赛模组","https://github.com/Renyigesai/sipmoment-template-26.1.2","16d2b8c702b04b0493b1c4ab8e20c91b","KING_VITIONNOT","KING_VITIONNOT","KING_VITIONNOT","false","false","https://biluochun.teacon.cn/api/v1/user/avatar?user=16d2b8c702b04b0493b1c4ab8e20c91b"
"564","枢革墟烬","造爻栈","参赛模组","https://github.com/yhzcake/magicio","aa9ca43965534f798cae18d93bdb18ef","yhz_cake","yhz_cake","yhz_cake","false","false","https://biluochun.teacon.cn/api/v1/user/avatar?user=aa9ca43965534f798cae18d93bdb18ef"
"564","枢革墟烬","造爻栈","参赛模组","https://github.com/yhzcake/magicio","de49f801b7c847d18600a17b3549fc34","Maker_MC","Maker_MC","Maker_MC","false","false","https://biluochun.teacon.cn/api/v1/user/avatar?user=de49f801b7c847d18600a17b3549fc34"
"566","撅电报","CC2001","参赛模组","https://github.com/C20C01/MorSneak","ced380cd9c7746cb9807674ef7d66afe","CC2001","CC2001","CC2001","false","false","https://biluochun.teacon.cn/api/v1/user/avatar?user=ced380cd9c7746cb9807674ef7d66afe"
"571","美食世界-Delicacy'World","CreateNewMarvel-03","参赛模组","https://gitee.com/BlackRuaBtye/delicacyworld","5a987a40e5ac40b5b4191e0e22240faa","Sakura_Dawn","Sakura_Dawn","Sakura_Dawn","false","false","https://biluochun.teacon.cn/api/v1/user/avatar?user=5a987a40e5ac40b5b4191e0e22240faa"
"571","美食世界-Delicacy'World","CreateNewMarvel-03","参赛模组","https://gitee.com/BlackRuaBtye/delicacyworld","b5e596379f454271927bb575400b46dc","nyachuletaxiaoE","nyachuletaxiaoE","nyachuletaxiaoE","false","false","https://biluochun.teacon.cn/api/v1/user/avatar?user=b5e596379f454271927bb575400b46dc"
"571","美食世界-Delicacy'World","CreateNewMarvel-03","参赛模组","https://gitee.com/BlackRuaBtye/delicacyworld","d47327d9f2fb41ddaea2f00da03a2fe1","BlackRuaByte","BlackRuaByte","BlackRuaByte","false","false","https://biluochun.teacon.cn/api/v1/user/avatar?user=d47327d9f2fb41ddaea2f00da03a2fe1"
"572","简单跑酷","8-Byte Indent","参赛模组","https://github.com/Moflop/Parkour","a369b7eb15e54696a08582556f5f5452","MewKooo","MewKooo","MewKooo","false","false","https://biluochun.teacon.cn/api/v1/user/avatar?user=a369b7eb15e54696a08582556f5f5452"
"573","高人一等","折戏鸢","参赛模组","https://github.com/Zershyan/ManAbove","57822d93efb5479ea300aa5393f5af58","Zershyan","Zershyan","Zershyan","false","false","https://biluochun.teacon.cn/api/v1/user/avatar?user=57822d93efb5479ea300aa5393f5af58"
"574","Nature Rebirth","嗨皮的布拿拿","参赛模组","https://github.com/gloomybanana/nature_rebirth","1a56c67befb54650a65de8ae36fb836b","BloomyBanana","BloomyBanana","BloomyBanana","false","false","https://biluochun.teacon.cn/api/v1/user/avatar?user=1a56c67befb54650a65de8ae36fb836b"
"575","ObeliskDepths","地牢深处","参赛模组","https://github.com/NaimJeg/ObeliskDepths","5cac87eb41cf45bfb196d2c503ee3c12","Mutsumi621","Mutsumi621","Mutsumi621","false","false","https://biluochun.teacon.cn/api/v1/user/avatar?user=5cac87eb41cf45bfb196d2c503ee3c12"
"578","舌战群儒","诸葛丞相","参赛模组","https://github.com/redColmula55/spit-fight-neoforge","a9ac3c7be64a4121bb72e60f122e7c9e","redColmula55","redColmula55","redColmula55","false","false","https://biluochun.teacon.cn/api/v1/user/avatar?user=a9ac3c7be64a4121bb72e60f122e7c9e"
"582","街头主义 The Streetism","常乐驾校","参赛模组","https://github.com/cuitteacon2026/thestreetism","abe89acd0a8b46fbb61d117d6575e914","Katuria","Katuria","Katuria","false","false","https://biluochun.teacon.cn/api/v1/user/avatar?user=abe89acd0a8b46fbb61d117d6575e914"
"582","街头主义 The Streetism","常乐驾校","参赛模组","https://github.com/cuitteacon2026/thestreetism","eea11cc3af9940038bb889337494d552","KochiyaSanaeNya","KochiyaSanaeNya","KochiyaSanaeNya","false","false","https://biluochun.teacon.cn/api/v1/user/avatar?user=eea11cc3af9940038bb889337494d552"
"586","KilaGraph","图灵机","参赛模组","https://github.com/Low-Drag-MC/KilaGraphDemo","2fa297a67803462983607059155cf43e","KilaBash","KilaBash","KilaBash","false","false","https://biluochun.teacon.cn/api/v1/user/avatar?user=2fa297a67803462983607059155cf43e"
"587","更好的鱼竿","wither123","参赛模组","https://github.com/wither12345/BetterRodMod","626d9ae771a94525a1a208a291da916d","wither_1234014","wither_1234014","wither_1234014","false","false","https://biluochun.teacon.cn/api/v1/user/avatar?user=626d9ae771a94525a1a208a291da916d"
"590","Lights up(舞台灯光)","Ti adventurers' party","参赛模组","https://github.com/MakerTechno/LightsUp","de49f801b7c847d18600a17b3549fc34","Maker_MC","Maker_MC","Maker_MC","false","false","https://biluochun.teacon.cn/api/v1/user/avatar?user=de49f801b7c847d18600a17b3549fc34"
"592","Geometry Node","NEMESIS","参赛模组","https://github.com/FSA9/-MC-Geometry-Node.git","9e9877871ae84ba59bfd92a87dd5dde9","Anouk_176","Anouk_176","Anouk_176","false","false","https://biluochun.teacon.cn/api/v1/user/avatar?user=9e9877871ae84ba59bfd92a87dd5dde9"
"593","2004","1337 krew","参赛模组","https://github.com/Litt1eBai/2004","76f4926bae074adaba46fe5d31b45ab1","Litt1eBai","Litt1eBai","Litt1eBai","false","false","https://biluochun.teacon.cn/api/v1/user/avatar?user=76f4926bae074adaba46fe5d31b45ab1"
"417","贴贴","鱼塘贴贴爱好者","参展/往届模组","https://github.com/KunoSayo/nestle","d83558c3062348af9926400878e1c497","KunoSayo","KunoSayo","KunoSayo","false","false","https://biluochun.teacon.cn/api/v1/user/avatar?user=d83558c3062348af9926400878e1c497"
"417","贴贴","鱼塘贴贴爱好者","参展/往届模组","https://github.com/KunoSayo/nestle","5a25048de99e4016bb9b376f96bdb293","SiyinoXinyuan","SiyinoXinyuan","SiyinoXinyuan","false","false","https://biluochun.teacon.cn/api/v1/user/avatar?user=5a25048de99e4016bb9b376f96bdb293"
"417","贴贴","鱼塘贴贴爱好者","参展/往届模组","https://github.com/KunoSayo/nestle","74f8cd7b26b14f93bd7967d9c50223fa","Cake_AL","Cake_AL","Cake_AL","false","false","https://biluochun.teacon.cn/api/v1/user/avatar?user=74f8cd7b26b14f93bd7967d9c50223fa"
"417","贴贴","鱼塘贴贴爱好者","参展/往届模组","https://github.com/KunoSayo/nestle","bf4133f80a074d1bbaf9cdc46b993e89","Shiroi_Sakana","Shiroi_Sakana","yu_ze_fish","false","false","https://biluochun.teacon.cn/api/v1/user/avatar?user=bf4133f80a074d1bbaf9cdc46b993e89"
"422","ThatSkyInteractions","ThatSkyMC","参展/往届模组","https://github.com/LouisQuepierts/ThatSkyInteractions","18a7abb0d4ce42838f910c9220cbefb3","Louis_Quepierts","Louis_Quepierts","Louis_Quepierts","false","false","https://biluochun.teacon.cn/api/v1/user/avatar?user=18a7abb0d4ce42838f910c9220cbefb3"
"425","铁砧工艺","铁砧工艺开发组","参展/往届模组","https://github.com/Anvil-Dev/AnvilCraft","a7a00f4cb57043238375253e1ce0c3da","Gugle","Gugle","古镇天Gugle","false","false","https://biluochun.teacon.cn/api/v1/user/avatar?user=a7a00f4cb57043238375253e1ce0c3da"
"425","铁砧工艺","铁砧工艺开发组","参展/往届模组","https://github.com/Anvil-Dev/AnvilCraft","71a72a581e074ca88a3e0adad172984f","QiuShui1012","QiuShui1012","秋水AuU_","false","false","https://biluochun.teacon.cn/api/v1/user/avatar?user=71a72a581e074ca88a3e0adad172984f"
"425","铁砧工艺","铁砧工艺开发组","参展/往届模组","https://github.com/Anvil-Dev/AnvilCraft","d3db92dce2ae48aa9e656ce3c060243a","NightFish2009","NightFish2009","NightFish2009","false","false","https://biluochun.teacon.cn/api/v1/user/avatar?user=d3db92dce2ae48aa9e656ce3c060243a"
"425","铁砧工艺","铁砧工艺开发组","参展/往届模组","https://github.com/Anvil-Dev/AnvilCraft","77718ac3322345ec88d1490a03eabafd","Xe_Kr","Xe_Kr","Xe_Kr","false","false","https://biluochun.teacon.cn/api/v1/user/avatar?user=77718ac3322345ec88d1490a03eabafd"
"425","铁砧工艺","铁砧工艺开发组","参展/往届模组","https://github.com/Anvil-Dev/AnvilCraft","6a90ad9970c841b0a866e350e45489db","ZhuRuoLing","ZhuRuoLing","ZhuRuoLing","false","false","https://biluochun.teacon.cn/api/v1/user/avatar?user=6a90ad9970c841b0a866e350e45489db"
"433","苇原","遗失唐伞绘卷屋","参展/往届模组","https://github.com/Kogasa-Studio/Ashihara","64f5e4134c3d4de88abb2df13c2564d9","Helium_04","Helium_04","Kogasa Studio","false","false","https://biluochun.teacon.cn/api/v1/user/avatar?user=64f5e4134c3d4de88abb2df13c2564d9"
"467","NeoMTR 纸板箱特色我的世界铁路","NeoMTR 项目参与人员","参展/往届模组","https://github.com/zbx1425/NeoMTR","558d17cba546409a9a6e84caad72c352","Zbx1425","Zbx1425","Zbx1425","false","true","https://biluochun.teacon.cn/api/v1/user/avatar?user=558d17cba546409a9a6e84caad72c352"
"467","NeoMTR 纸板箱特色我的世界铁路","NeoMTR 项目参与人员","参展/往届模组","https://github.com/zbx1425/NeoMTR","9eadff7485254a76973004393bf198b8","amberisfrozen","amberisfrozen","amberisfrozen","false","false","https://biluochun.teacon.cn/api/v1/user/avatar?user=9eadff7485254a76973004393bf198b8"
"467","NeoMTR 纸板箱特色我的世界铁路","NeoMTR 项目参与人员","参展/往届模组","https://github.com/zbx1425/NeoMTR","11cc469d823b44a2af4567d78ea8e848","Jon_Ho","Jon_Ho","Jon_Ho","false","false","https://biluochun.teacon.cn/api/v1/user/avatar?user=11cc469d823b44a2af4567d78ea8e848"
"468","随处随笔 WorldComment","Zbx1425","参展/往届模组","https://github.com/zbx1425/world-comment","558d17cba546409a9a6e84caad72c352","Zbx1425","Zbx1425","Zbx1425","false","true","https://biluochun.teacon.cn/api/v1/user/avatar?user=558d17cba546409a9a6e84caad72c352"
"469","Mino++","Zbx1425 & MalayP","参展/往届模组","https://github.com/zbx1425/minopp","558d17cba546409a9a6e84caad72c352","Zbx1425","Zbx1425","Zbx1425","false","true","https://biluochun.teacon.cn/api/v1/user/avatar?user=558d17cba546409a9a6e84caad72c352"
"469","Mino++","Zbx1425 & MalayP","参展/往届模组","https://github.com/zbx1425/minopp","8f50bdf3cb094e29ab76dc1cf9db86a1","MalayP","MalayP","MalayP","false","true","https://biluochun.teacon.cn/api/v1/user/avatar?user=8f50bdf3cb094e29ab76dc1cf9db86a1"
"490","吾有一術","吾有一隊","参展/往届模组","https://github.com/gyxx-xc/WenyanNature","cdac7bf1422a4bb4babfd570b0f2455f","gyxx_xc","gyxx_xc","gyxx_xc","false","false","https://biluochun.teacon.cn/api/v1/user/avatar?user=cdac7bf1422a4bb4babfd570b0f2455f"
"490","吾有一術","吾有一隊","参展/往届模组","https://github.com/gyxx-xc/WenyanNature","f65938afe22542e183aaa71444bbf6e5","ugnjhjf","ugnjhjf","ugnjhjf","false","false","https://biluochun.teacon.cn/api/v1/user/avatar?user=f65938afe22542e183aaa71444bbf6e5"
"490","吾有一術","吾有一隊","参展/往届模组","https://github.com/gyxx-xc/WenyanNature","88b05aad3eed423badef33c5f852ce55","flilx1397","flilx1397","flilx1397","false","false","https://biluochun.teacon.cn/api/v1/user/avatar?user=88b05aad3eed423badef33c5f852ce55"
"490","吾有一術","吾有一隊","参展/往届模组","https://github.com/gyxx-xc/WenyanNature","11ad9a2cc1844b13bb1e3f9c98a64fd3","La_Fi","La_Fi","La_Fi","false","false","https://biluochun.teacon.cn/api/v1/user/avatar?user=11ad9a2cc1844b13bb1e3f9c98a64fd3"
"506","深岩银河激光指示器","深岩银河研发部","参展/往届模组","https://github.com/linngdu664/DRG-Laser-Pointer-Mod","7100429033e24a7d94e07678d7b24b2d","Linngdu664","Linngdu664","Linngdu664","false","false","https://biluochun.teacon.cn/api/v1/user/avatar?user=7100429033e24a7d94e07678d7b24b2d"
"506","深岩银河激光指示器","深岩银河研发部","参展/往届模组","https://github.com/linngdu664/DRG-Laser-Pointer-Mod","bdc68cbd4a4b4d92b7eff40455df1051","zx1316","zx1316","zx1316","false","false","https://biluochun.teacon.cn/api/v1/user/avatar?user=bdc68cbd4a4b4d92b7eff40455df1051"
"513","更好的打雪仗3：重制版","打雪仗工具批发商","参展/往届模组","https://github.com/zx1316/better-snowball-fight-3-lite","7100429033e24a7d94e07678d7b24b2d","Linngdu664","Linngdu664","Linngdu664","false","false","https://biluochun.teacon.cn/api/v1/user/avatar?user=7100429033e24a7d94e07678d7b24b2d"
"513","更好的打雪仗3：重制版","打雪仗工具批发商","参展/往届模组","https://github.com/zx1316/better-snowball-fight-3-lite","bdc68cbd4a4b4d92b7eff40455df1051","zx1316","zx1316","zx1316","false","false","https://biluochun.teacon.cn/api/v1/user/avatar?user=bdc68cbd4a4b4d92b7eff40455df1051"
"577","Crock Pot","SSVMM","参展/往届模组","https://github.com/SihenZhang/CrockPot","709aa5ca4c7e4de18432245db1e23249","Si_hen","Si_hen","Si_hen","false","true","https://biluochun.teacon.cn/api/v1/user/avatar?user=709aa5ca4c7e4de18432245db1e23249"
"577","Crock Pot","SSVMM","参展/往届模组","https://github.com/SihenZhang/CrockPot","07425571259447868571808b3c095fda","idyllic_bean","idyllic_bean","idyllic_bean","false","false","https://biluochun.teacon.cn/api/v1/user/avatar?user=07425571259447868571808b3c095fda"
"577","Crock Pot","SSVMM","参展/往届模组","https://github.com/SihenZhang/CrockPot","724b04edffec4cd091fda52307f895ba","Seraph_JACK","Seraph_JACK","Seraph_JACK","false","true","https://biluochun.teacon.cn/api/v1/user/avatar?user=724b04edffec4cd091fda52307f895ba"
"577","Crock Pot","SSVMM","参展/往届模组","https://github.com/SihenZhang/CrockPot","7b53c90b13de44ba99643a2bd53f2bf4","Whyte_V","Whyte_V","不明情况的白","false","false","https://biluochun.teacon.cn/api/v1/user/avatar?user=7b53c90b13de44ba99643a2bd53f2bf4"
"577","Crock Pot","SSVMM","参展/往届模组","https://github.com/SihenZhang/CrockPot","8f50bdf3cb094e29ab76dc1cf9db86a1","MalayP","MalayP","MalayP","false","true","https://biluochun.teacon.cn/api/v1/user/avatar?user=8f50bdf3cb094e29ab76dc1cf9db86a1"
"421","家具计划","Ti adventurers' party","参展/往届模组","https://github.com/MakerTechno/Forge-FurniturePlan/","de49f801b7c847d18600a17b3549fc34","Maker_MC","Maker_MC","Maker_MC","false","false","https://biluochun.teacon.cn/api/v1/user/avatar?user=de49f801b7c847d18600a17b3549fc34"
"421","家具计划","Ti adventurers' party","参展/往届模组","https://github.com/MakerTechno/Forge-FurniturePlan/","8b53ae84f8ec46958ae2110796f5804d","66jack","66jack","66jack","false","false","https://biluochun.teacon.cn/api/v1/user/avatar?user=8b53ae84f8ec46958ae2110796f5804d"
"428","MadParticle","真是踢踢又炕炕啊","参展/往届模组","https://github.com/USS-Shenzhou/MadParticle","941397178c4d4c10883c9a5d1a8fe5ec","USS_Shenzhou","USS_Shenzhou","USS_Shenzhou","false","true","https://biluochun.teacon.cn/api/v1/user/avatar?user=941397178c4d4c10883c9a5d1a8fe5ec"
"517","墨迹工艺","墨迹工艺制作委员会","参展/往届模组","https://github.com/s5lc/Inkraft.git","feacb1c1bc174b979207b28502de56c5","Infinity_rain","Infinity_rain","Infinity_rain","false","false","https://biluochun.teacon.cn/api/v1/user/avatar?user=feacb1c1bc174b979207b28502de56c5"
"531","节气","节气开发组","参展/往届模组","https://github.com/TeamTeaMC/Ecliptic-Seasons","c88607745a54484983cb1ad89d2539c8","jianzoushihu","jianzoushihu","jianzoushihu","false","false","https://biluochun.teacon.cn/api/v1/user/avatar?user=c88607745a54484983cb1ad89d2539c8"
"531","节气","节气开发组","参展/往届模组","https://github.com/TeamTeaMC/Ecliptic-Seasons","8eca77b011ed4d339ceba1fd87eca2c3","Sam_Chai","Sam_Chai","Sam_Chai","false","false","https://biluochun.teacon.cn/api/v1/user/avatar?user=8eca77b011ed4d339ceba1fd87eca2c3"
"549","会饮","IEEM 9v8 Trivium Society","参展/往届模组","https://github.com/khjxiaogu/Convivium","47748133b7564e158276f3004da52c78","khjxiaogu","khjxiaogu","khjxiaogu","false","false","https://biluochun.teacon.cn/api/v1/user/avatar?user=47748133b7564e158276f3004da52c78"
"549","会饮","IEEM 9v8 Trivium Society","参展/往届模组","https://github.com/khjxiaogu/Convivium","cb5e34e8ee2a4b208e60a7ccdbf18ee4","Lyuuke","Lyuuke","Lyuuke","false","false","https://biluochun.teacon.cn/api/v1/user/avatar?user=cb5e34e8ee2a4b208e60a7ccdbf18ee4"
"567","纸带八音盒","CC2001","参展/往届模组","https://github.com/C20C01/MusicBox","ced380cd9c7746cb9807674ef7d66afe","CC2001","CC2001","CC2001","false","false","https://biluochun.teacon.cn/api/v1/user/avatar?user=ced380cd9c7746cb9807674ef7d66afe"
"416","展示玩偶（Display Doll）","TeaCon","参展/往届模组","https://github.com/teaconmc/DisplayDoll.git","7c5faf4424b04496b91a147fb781fae9","zzzz_ustc","zzzz_ustc","TsuchiSensei","false","true","https://biluochun.teacon.cn/api/v1/user/avatar?user=7c5faf4424b04496b91a147fb781fae9"
"416","展示玩偶（Display Doll）","TeaCon","参展/往届模组","https://github.com/teaconmc/DisplayDoll.git","992e248e89c44f93bfae56b761f00c04","tartaric_acid","tartaric_acid","tartaric_acid","false","false","https://biluochun.teacon.cn/api/v1/user/avatar?user=992e248e89c44f93bfae56b761f00c04"
"418","工业基石","斌政工作室","参展/往届模组","https://github.com/BinZhengStudio/IndustryBase","f62b7f51b27448b2ad6a9647f196ec5c","vvvbbbcz","vvvbbbcz","vvvbbbcz","false","false","https://biluochun.teacon.cn/api/v1/user/avatar?user=f62b7f51b27448b2ad6a9647f196ec5c"
"423","超级拴绳","叁玖领域","参展/往届模组","https://gitea.bot.leisuretimedock.top/R3944Realms/SuperLeadRope","9072918679c240b49eb231e89f943c87","3944Realms","3944Realms","3944Realms","false","false","https://biluochun.teacon.cn/api/v1/user/avatar?user=9072918679c240b49eb231e89f943c87"
"423","超级拴绳","叁玖领域","参展/往届模组","https://gitea.bot.leisuretimedock.top/R3944Realms/SuperLeadRope","6e1729836e8f4422802a964f5e98512e","Fx_yu","Fx_yu","Fx_yu","false","false","https://biluochun.teacon.cn/api/v1/user/avatar?user=6e1729836e8f4422802a964f5e98512e"
"426","x3d map","xkball and ?, Ⅰ","参展/往届模组","https://github.com/xkball/x3dmap","41d84c1ff65e49cdaa61b239da7579a3","xkball","xkball","xkball","false","true","https://biluochun.teacon.cn/api/v1/user/avatar?user=41d84c1ff65e49cdaa61b239da7579a3"
"437","铁砧工艺：猪+","三只大猪","参展/往届模组","https://github.com/TBPig/AnvilCraft-PigsPlus","509f29216df743fab57cedfe82fe9a68","triple_bpig","triple_bpig","triple_bpig","false","false","https://biluochun.teacon.cn/api/v1/user/avatar?user=509f29216df743fab57cedfe82fe9a68"
"437","铁砧工艺：猪+","三只大猪","参展/往届模组","https://github.com/TBPig/AnvilCraft-PigsPlus","a005474c95054d578501607025552631","Meo_LoBSter","Meo_LoBSter","萌虾","false","false","https://biluochun.teacon.cn/api/v1/user/avatar?user=a005474c95054d578501607025552631"
"442","Mekanism:More Machine","LostOurselves","参展/往届模组","https://github.com/lostmyself8/Mekanism-MoreMachine","7452aff1aa424ff8a0a5852999eb1b9b","lostmyself8","lostmyself8","lostmyself8","false","false","https://biluochun.teacon.cn/api/v1/user/avatar?user=7452aff1aa424ff8a0a5852999eb1b9b"
"442","Mekanism:More Machine","LostOurselves","参展/往届模组","https://github.com/lostmyself8/Mekanism-MoreMachine","ea5a2fbdfbca487ca35f081757c374d7","QiuYeQAQ2024","QiuYeQAQ2024","QiuYeQAQ2024","false","false","https://biluochun.teacon.cn/api/v1/user/avatar?user=ea5a2fbdfbca487ca35f081757c374d7"
"443","八角","八角开发组","参展/往届模组","https://github.com/Anvil-Dev/Anisum","a7a00f4cb57043238375253e1ce0c3da","Gugle","Gugle","古镇天Gugle","false","false","https://biluochun.teacon.cn/api/v1/user/avatar?user=a7a00f4cb57043238375253e1ce0c3da"
"443","八角","八角开发组","参展/往届模组","https://github.com/Anvil-Dev/Anisum","b395207540694ef69073a3871e6e4b42","CR_019","CR_019","CR_019","false","false","https://biluochun.teacon.cn/api/v1/user/avatar?user=b395207540694ef69073a3871e6e4b42"
"445","红包🧧","闲趣时坞","参展/往届模组","https://gitea.bot.leisuretimedock.top/Leisuretimedock/RedEnvelope","9072918679c240b49eb231e89f943c87","3944Realms","3944Realms","3944Realms","false","false","https://biluochun.teacon.cn/api/v1/user/avatar?user=9072918679c240b49eb231e89f943c87"
"445","红包🧧","闲趣时坞","参展/往届模组","https://gitea.bot.leisuretimedock.top/Leisuretimedock/RedEnvelope","cc6c2c4b6bb34be380987b313173877d","R3944Realms","R3944Realms","R3944Realms","false","false","https://biluochun.teacon.cn/api/v1/user/avatar?user=cc6c2c4b6bb34be380987b313173877d"
"463","中键标点","铁砧工艺开发组-中键标点","参展/往届模组","https://github.com/Anvil-Dev/MiddleKeyPing","a7a00f4cb57043238375253e1ce0c3da","Gugle","Gugle","古镇天Gugle","false","false","https://biluochun.teacon.cn/api/v1/user/avatar?user=a7a00f4cb57043238375253e1ce0c3da"
"477","藿香","藿香开发组","参展/往届模组","https://github.com/Anvil-Dev/Ageratum","a7a00f4cb57043238375253e1ce0c3da","Gugle","Gugle","古镇天Gugle","false","false","https://biluochun.teacon.cn/api/v1/user/avatar?user=a7a00f4cb57043238375253e1ce0c3da"
"477","藿香","藿香开发组","参展/往届模组","https://github.com/Anvil-Dev/Ageratum","509f29216df743fab57cedfe82fe9a68","triple_bpig","triple_bpig","triple_bpig","false","false","https://biluochun.teacon.cn/api/v1/user/avatar?user=509f29216df743fab57cedfe82fe9a68"
"477","藿香","藿香开发组","参展/往届模组","https://github.com/Anvil-Dev/Ageratum","a005474c95054d578501607025552631","Meo_LoBSter","Meo_LoBSter","萌虾","false","false","https://biluochun.teacon.cn/api/v1/user/avatar?user=a005474c95054d578501607025552631"
"477","藿香","藿香开发组","参展/往届模组","https://github.com/Anvil-Dev/Ageratum","ec8de2583c0446478a4c0660aaa7c8ab","Fff_ff","Fff_ff","Fff_ff","false","false","https://biluochun.teacon.cn/api/v1/user/avatar?user=ec8de2583c0446478a4c0660aaa7c8ab"
"494","简单路径查找器","鱼塘迷失者","参展/往届模组","https://github.com/KunoSayo/simplepathfinder","d83558c3062348af9926400878e1c497","KunoSayo","KunoSayo","KunoSayo","false","false","https://biluochun.teacon.cn/api/v1/user/avatar?user=d83558c3062348af9926400878e1c497"
"494","简单路径查找器","鱼塘迷失者","参展/往届模组","https://github.com/KunoSayo/simplepathfinder","41d84c1ff65e49cdaa61b239da7579a3","xkball","xkball","xkball","false","true","https://biluochun.teacon.cn/api/v1/user/avatar?user=41d84c1ff65e49cdaa61b239da7579a3"
"494","简单路径查找器","鱼塘迷失者","参展/往届模组","https://github.com/KunoSayo/simplepathfinder","5d947f2140ae4ba7856648becd0326f8","Cat_Fur","Cat_Fur","猫毛","false","false","https://biluochun.teacon.cn/api/v1/user/avatar?user=5d947f2140ae4ba7856648becd0326f8"
"494","简单路径查找器","鱼塘迷失者","参展/往届模组","https://github.com/KunoSayo/simplepathfinder","227bb1c6688a42b3bec36d7f6c1c9ee3","InitAuther97","InitAuther97","InitAuther97","false","false","https://biluochun.teacon.cn/api/v1/user/avatar?user=227bb1c6688a42b3bec36d7f6c1c9ee3"
"522","叁玖库","叁玖领域","参展/往届模组","https://gitea.bot.leisuretimedock.top/R3944Realms/lib39","9072918679c240b49eb231e89f943c87","3944Realms","3944Realms","3944Realms","false","false","https://biluochun.teacon.cn/api/v1/user/avatar?user=9072918679c240b49eb231e89f943c87"
"533","车万女仆","车万女仆制作委员会","参展/往届模组","https://github.com/TouhouLittleMaid/TouhouLittleMaid-26.1.git","992e248e89c44f93bfae56b761f00c04","tartaric_acid","tartaric_acid","tartaric_acid","false","false","https://biluochun.teacon.cn/api/v1/user/avatar?user=992e248e89c44f93bfae56b761f00c04"
"533","车万女仆","车万女仆制作委员会","参展/往届模组","https://github.com/TouhouLittleMaid/TouhouLittleMaid-26.1.git","35567f2eba7b4c8380bb939232676d88","Crystal1921","Crystal1921","Crystal1921","false","false","https://biluochun.teacon.cn/api/v1/user/avatar?user=35567f2eba7b4c8380bb939232676d88"
"550","方块建模","方块建模制作组","参展/往届模组","https://github.com/Crystal1921/Yuushya-Modelling","c3372e9ddd654c13a139a087ba0d0520","Geometry_coco","Geometry_coco","Geometry_coco","false","false","https://biluochun.teacon.cn/api/v1/user/avatar?user=c3372e9ddd654c13a139a087ba0d0520"
"550","方块建模","方块建模制作组","参展/往届模组","https://github.com/Crystal1921/Yuushya-Modelling","35567f2eba7b4c8380bb939232676d88","Crystal1921","Crystal1921","Crystal1921","false","false","https://biluochun.teacon.cn/api/v1/user/avatar?user=35567f2eba7b4c8380bb939232676d88"
"555","让我看看","敢砂我的码?","参展/往届模组","https://github.com/xkball/LetMeSeeSee","41d84c1ff65e49cdaa61b239da7579a3","xkball","xkball","xkball","false","true","https://biluochun.teacon.cn/api/v1/user/avatar?user=41d84c1ff65e49cdaa61b239da7579a3"
"558","Minecraft Mod MCP","鱼塘创富交流群","参展/往届模组","https://github.com/langyo/minecraft-mod-mcp","258ebcd52b02456ab79aef88ea9ffc26","langyo","langyo","langyo","false","false","https://biluochun.teacon.cn/api/v1/user/avatar?user=258ebcd52b02456ab79aef88ea9ffc26"
"585","Neo ECO AE Extension","Make AE2 Great Again","参展/往届模组","https://github.com/DancingSnow0517/NeoECOAEExtension","212c5e198d74473c9a8c520a8d93cca0","DancingSnow","DancingSnow","DancingSnow","false","false","https://biluochun.teacon.cn/api/v1/user/avatar?user=212c5e198d74473c9a8c520a8d93cca0"
"585","Neo ECO AE Extension","Make AE2 Great Again","参展/往届模组","https://github.com/DancingSnow0517/NeoECOAEExtension","6a90ad9970c841b0a866e350e45489db","ZhuRuoLing","ZhuRuoLing","ZhuRuoLing","false","false","https://biluochun.teacon.cn/api/v1/user/avatar?user=6a90ad9970c841b0a866e350e45489db"
"585","Neo ECO AE Extension","Make AE2 Great Again","参展/往届模组","https://github.com/DancingSnow0517/NeoECOAEExtension","8a9bab9856b2411db47d5205f998ce65","Yang120","Yang120","Yang120","false","false","https://biluochun.teacon.cn/api/v1/user/avatar?user=8a9bab9856b2411db47d5205f998ce65"
"419","AAA Particles: World","克洛伊的小队","参展/往届模组","https://github.com/ChloePrime/AAA-Particles-World","088aa2926ae04743aba50b4a8e2cda54","Chloe_Prime","Chloe_Prime","Chloe_koopa","false","false","https://biluochun.teacon.cn/api/v1/user/avatar?user=088aa2926ae04743aba50b4a8e2cda54"
"429","Channel","真是炕炕又踢踢啊","参展/往届模组","https://github.com/USS-Shenzhou/Channel","941397178c4d4c10883c9a5d1a8fe5ec","USS_Shenzhou","USS_Shenzhou","USS_Shenzhou","false","true","https://biluochun.teacon.cn/api/v1/user/avatar?user=941397178c4d4c10883c9a5d1a8fe5ec"
"436","树脂枪","16-Bit Samurai","参展/往届模组","https://github.com/Creative-Raft/resin_gun","f038c2d6c68a4290b95bdd200af0ac48","AbraHam_0624","AbraHam_0624","AbraHam_0624","false","false","https://biluochun.teacon.cn/api/v1/user/avatar?user=f038c2d6c68a4290b95bdd200af0ac48"
"436","树脂枪","16-Bit Samurai","参展/往届模组","https://github.com/Creative-Raft/resin_gun","b395207540694ef69073a3871e6e4b42","CR_019","CR_019","CR_019","false","false","https://biluochun.teacon.cn/api/v1/user/avatar?user=b395207540694ef69073a3871e6e4b42"
"444","傀儡装配（Modular Golems）","LightLand","参展/往届模组","https://github.com/Minecraft-LightLand/ModularGolems","ffb4eabaa2f9444fa9625d72426c1d36","MC_HuangTao","MC_HuangTao","MC_HuangTao","false","false","https://biluochun.teacon.cn/api/v1/user/avatar?user=ffb4eabaa2f9444fa9625d72426c1d36"
"444","傀儡装配（Modular Golems）","LightLand","参展/往届模组","https://github.com/Minecraft-LightLand/ModularGolems","5f0376e6764f414d811110375f2a8dcb","lcy0x1","lcy0x1","lcy0x1","false","false","https://biluochun.teacon.cn/api/v1/user/avatar?user=5f0376e6764f414d811110375f2a8dcb"
"444","傀儡装配（Modular Golems）","LightLand","参展/往届模组","https://github.com/Minecraft-LightLand/ModularGolems","5ba80d703b56445b86c8f861e352ddf0","WeiAL","WeiAL","WeiAL","false","false","https://biluochun.teacon.cn/api/v1/user/avatar?user=5ba80d703b56445b86c8f861e352ddf0"
"462","卡里普索的糖果工坊","尤里的猫·卡里普索","参展/往届模组","https://github.com/LNatit/CandyWorkshop","eb23163929114ccda3dfff28e2c29cc3","yuricat","yuricat","yuricat","false","false","https://biluochun.teacon.cn/api/v1/user/avatar?user=eb23163929114ccda3dfff28e2c29cc3"
"462","卡里普索的糖果工坊","尤里的猫·卡里普索","参展/往届模组","https://github.com/LNatit/CandyWorkshop","38d80e60f99e42ceac2ee0ae9ee5c7fe","Loci_Natit","Loci_Natit","Loci_Natit","false","false","https://biluochun.teacon.cn/api/v1/user/avatar?user=38d80e60f99e42ceac2ee0ae9ee5c7fe"
"472","泰拉巨石","Magic_team.jvav","参展/往届模组","https://github.com/Magic-team-jvav/TerrariaBoulders","6940df05e25e44ba80114b7aa6bb6762","WangXiaoJin","WangXiaoJin","WangXiaoJin","false","false","https://biluochun.teacon.cn/api/v1/user/avatar?user=6940df05e25e44ba80114b7aa6bb6762"
"472","泰拉巨石","Magic_team.jvav","参展/往届模组","https://github.com/Magic-team-jvav/TerrariaBoulders","5b08291826264abb9f3a1b90b7a9f795","Txt_Text","Txt_Text","Txt_Text","false","false","https://biluochun.teacon.cn/api/v1/user/avatar?user=5b08291826264abb9f3a1b90b7a9f795"
"472","泰拉巨石","Magic_team.jvav","参展/往届模组","https://github.com/Magic-team-jvav/TerrariaBoulders","470ab65cbea945e7bace4f76814b2919","Xiris177","Xiris177","Xiris177","false","false","https://biluochun.teacon.cn/api/v1/user/avatar?user=470ab65cbea945e7bace4f76814b2919"
"472","泰拉巨石","Magic_team.jvav","参展/往届模组","https://github.com/Magic-team-jvav/TerrariaBoulders","69b6ba0c00514060ae9cc1a4d2e60a75","slmpc","slmpc","slmpc","false","false","https://biluochun.teacon.cn/api/v1/user/avatar?user=69b6ba0c00514060ae9cc1a4d2e60a75"
"474","伊卡洛斯之翼","踢炕空域管制中心","参展/往届模组","https://github.com/LocusAzzurro/IcarusWings","0af21ad233cc4c4dbabd0689805a598f","LocusAzzurro","LocusAzzurro","LocusAzzurro","false","false","https://biluochun.teacon.cn/api/v1/user/avatar?user=0af21ad233cc4c4dbabd0689805a598f"
"483","Programmable Magic","PrM可编程魔法开发组","参展/往届模组","https://github.com/creepebucket/programmable_magic","77953c0ac096452d9543ff9e1009effb","creepebucket","creepebucket","creepebucket","false","false","https://biluochun.teacon.cn/api/v1/user/avatar?user=77953c0ac096452d9543ff9e1009effb"
"489","群青","踢炕龙泡泡专卖","参展/往届模组","https://github.com/LocusAzzurro/Ultramarine","0af21ad233cc4c4dbabd0689805a598f","LocusAzzurro","LocusAzzurro","LocusAzzurro","false","false","https://biluochun.teacon.cn/api/v1/user/avatar?user=0af21ad233cc4c4dbabd0689805a598f"
"491","方块小镇","方块小镇制作组","参展/往届模组","https://gitee.com/yuushyatownscape/yuushya-townscape/","c3372e9ddd654c13a139a087ba0d0520","Geometry_coco","Geometry_coco","Geometry_coco","false","false","https://biluochun.teacon.cn/api/v1/user/avatar?user=c3372e9ddd654c13a139a087ba0d0520"
"492","NetMusic 网络音乐机","NetMusic 制作委员会","参展/往届模组","https://github.com/TartaricAcid/NetMusic","992e248e89c44f93bfae56b761f00c04","tartaric_acid","tartaric_acid","tartaric_acid","false","false","https://biluochun.teacon.cn/api/v1/user/avatar?user=992e248e89c44f93bfae56b761f00c04"
"492","NetMusic 网络音乐机","NetMusic 制作委员会","参展/往届模组","https://github.com/TartaricAcid/NetMusic","c336ce622101483e87d187de2ae77051","_IMG_","_IMG_","_IMG_","false","false","https://biluochun.teacon.cn/api/v1/user/avatar?user=c336ce622101483e87d187de2ae77051"
"512","chatbox","Ciallo～(∠・ω< )","参展/往届模组","https://github.com/zhenshiz/chatbox","78dc123cbfd1466b9500ce6a955367f8","zhenshiz","zhenshiz","zhenshiz","false","false","https://biluochun.teacon.cn/api/v1/user/avatar?user=78dc123cbfd1466b9500ce6a955367f8"
"512","chatbox","Ciallo～(∠・ω< )","参展/往届模组","https://github.com/zhenshiz/chatbox","88da8d6cc1ae465a91faa7398b6109bc","Amotassic","Amotassic","Amotassic","false","false","https://biluochun.teacon.cn/api/v1/user/avatar?user=88da8d6cc1ae465a91faa7398b6109bc"
"519","海瑞的连锁挖矿","CloudsMC","参展/往届模组","https://github.com/Harry-hq/dh_s_veinminer","1b02eecc87034b9dbf4d18073444a4e4","Harry_hq","Harry_hq","Harry-hq","false","false","https://biluochun.teacon.cn/api/v1/user/avatar?user=1b02eecc87034b9dbf4d18073444a4e4"
"523","森罗物语：酒馆","森罗物语制作组","参展/往届模组","https://github.com/KaleidoscopeMods/KaleidoscopeTavern.git","992e248e89c44f93bfae56b761f00c04","tartaric_acid","tartaric_acid","tartaric_acid","false","false","https://biluochun.teacon.cn/api/v1/user/avatar?user=992e248e89c44f93bfae56b761f00c04"
"523","森罗物语：酒馆","森罗物语制作组","参展/往届模组","https://github.com/KaleidoscopeMods/KaleidoscopeTavern.git","8406644f582d4fa98179515405c746ef","YSBBBB","YSBBBB","YSBBBB","false","false","https://biluochun.teacon.cn/api/v1/user/avatar?user=8406644f582d4fa98179515405c746ef"
"524","Bakeries","Renyigesai","参展/往届模组","https://github.com/Renyigesai/Bakeries-26.1.2","4e91dd26ca7f45beb85600e6d5bf40b8","Renyigesai","Renyigesai","Renyigesai","false","false","https://biluochun.teacon.cn/api/v1/user/avatar?user=4e91dd26ca7f45beb85600e6d5bf40b8"
"524","Bakeries","Renyigesai","参展/往届模组","https://github.com/Renyigesai/Bakeries-26.1.2","bad8f41b26dd42aa934f60609ac47849","NeptuneTADASHI","NeptuneTADASHI","NeptuneTADASHI","false","false","https://biluochun.teacon.cn/api/v1/user/avatar?user=bad8f41b26dd42aa934f60609ac47849"
"524","Bakeries","Renyigesai","参展/往届模组","https://github.com/Renyigesai/Bakeries-26.1.2","8922cbbc0c404262b0b8a153ec94ecdc","gengyoubo","gengyoubo","gengyoubo","false","false","https://biluochun.teacon.cn/api/v1/user/avatar?user=8922cbbc0c404262b0b8a153ec94ecdc"
"524","Bakeries","Renyigesai","参展/往届模组","https://github.com/Renyigesai/Bakeries-26.1.2","f45379a84cf64587b9e0dc8091a37322","shen_hu","shen_hu","shen_hu","false","false","https://biluochun.teacon.cn/api/v1/user/avatar?user=f45379a84cf64587b9e0dc8091a37322"
"524","Bakeries","Renyigesai","参展/往届模组","https://github.com/Renyigesai/Bakeries-26.1.2","1a59912e9102427d9e697f0515d8fd20","zhifan","zhifan","zhifan","false","false","https://biluochun.teacon.cn/api/v1/user/avatar?user=1a59912e9102427d9e697f0515d8fd20"
"530","幻想存有论","拟型悖论 - Pseudoparadox","参展/往届模组","https://github.com/Pseudoparadox/GensokyoOntologics","f313f844c6f3469384fd40c52ea46a6b","TheLawF","TheLawF","TheLawF","false","false","https://biluochun.teacon.cn/api/v1/user/avatar?user=f313f844c6f3469384fd40c52ea46a6b"
"534","超级管道速滑 SuperPipeSlide","我是龙性恋","参展/往届模组","https://github.com/MarbleGateKeeper/SuperPipeSlide","d79b83a9caf04161a02fe572415066f7","MarbleGateKeeper","MarbleGateKeeper","MarbleGateKeeper","false","false","https://biluochun.teacon.cn/api/v1/user/avatar?user=d79b83a9caf04161a02fe572415066f7"
"535","更多的食物","CatPixel Craft","参展/往届模组","https://github.com/xiaomian124/A-Better-Foods","ee5928f8e7bf4ebc9bf172eb1fc6b8ee","xiaomian124","xiaomian124","xiaomian124","false","false","https://biluochun.teacon.cn/api/v1/user/avatar?user=ee5928f8e7bf4ebc9bf172eb1fc6b8ee"
"535","更多的食物","CatPixel Craft","参展/往届模组","https://github.com/xiaomian124/A-Better-Foods","3cf145490787422ab6825d358334dcaf","xingchen124","xingchen124","xingchen124","false","false","https://biluochun.teacon.cn/api/v1/user/avatar?user=3cf145490787422ab6825d358334dcaf"
"536","铁砧工艺：额外电力 | Anvilcraft-ExtraPower","铅垂线","参展/往届模组","https://github.com/Leaden-TP/Anvilcraft-ExtraPower26.1","0e8893aead924d7fbd6d786d1e183346","Leaden_TP","Leaden_TP","Leaden_TP","false","false","https://biluochun.teacon.cn/api/v1/user/avatar?user=0e8893aead924d7fbd6d786d1e183346"
"541","动态的树","动态的树开发社区（代参展）","参展/往届模组","https://github.com/DynamicTreesTeam/DynamicTrees","c88607745a54484983cb1ad89d2539c8","jianzoushihu","jianzoushihu","jianzoushihu","false","false","https://biluochun.teacon.cn/api/v1/user/avatar?user=c88607745a54484983cb1ad89d2539c8"
"544","兰法斯：本德森之章","银小明绝赞爆肝中","参展/往届模组","https://github.com/cvrunmin/LanfasieBenderson","9f3f855f6a924063bc4641441ea222e1","chromiuming","chromiuming","chromiuming","false","false","https://biluochun.teacon.cn/api/v1/user/avatar?user=9f3f855f6a924063bc4641441ea222e1"
"546","网络音乐机：听听B站","B站好声音","参展/往届模组","https://github.com/zhongbai2333/NetMusicCanPlayBili","436c531ab1bf43f7a25e039b34c4ced7","zhongbai233","zhongbai233","zhongbai233","false","false","https://biluochun.teacon.cn/api/v1/user/avatar?user=436c531ab1bf43f7a25e039b34c4ced7"
"559","女仆仓管","仓管女仆","参展/往届模组","https://github.com/zxy19/maid_storage_manager","4929a2bcd842468fb2e9f31aa9099c77","xypp","xypp","xypp","false","false","https://biluochun.teacon.cn/api/v1/user/avatar?user=4929a2bcd842468fb2e9f31aa9099c77"
"559","女仆仓管","仓管女仆","参展/往届模组","https://github.com/zxy19/maid_storage_manager","b156aa39b5844dc68682eed88d5e0fb2","Yuuia","Yuuia","Yuuia","false","false","https://biluochun.teacon.cn/api/v1/user/avatar?user=b156aa39b5844dc68682eed88d5e0fb2"
"559","女仆仓管","仓管女仆","参展/往届模组","https://github.com/zxy19/maid_storage_manager","fa6adcd284284102ad65b3aefe414016","17NULL","17NULL","17NULL","false","false","https://biluochun.teacon.cn/api/v1/user/avatar?user=fa6adcd284284102ad65b3aefe414016"
"570","LiveHelper","LiveHelper 直播助手","参展/往届模组","https://github.com/burningtnt/LiveHelper.git","9e6a450f149844d090cb1588b706b221","Burning_TNT","Burning_TNT","Burning_TNT","false","true","https://biluochun.teacon.cn/api/v1/user/avatar?user=9e6a450f149844d090cb1588b706b221"
"576","Cauldron++","redColmula55","参展/往届模组","https://github.com/redColmula55/cauldronpp-neoforge","a9ac3c7be64a4121bb72e60f122e7c9e","redColmula55","redColmula55","redColmula55","false","false","https://biluochun.teacon.cn/api/v1/user/avatar?user=a9ac3c7be64a4121bb72e60f122e7c9e"
"580","Orga's AutoSprint","铁华团","参展/往届模组","https://github.com/luoxueyasha/autosprint","3999e4aa9bdc446eb2bea319836d445b","luoxueyasha","luoxueyasha","luoxueyasha","false","false","https://biluochun.teacon.cn/api/v1/user/avatar?user=3999e4aa9bdc446eb2bea319836d445b"
"580","Orga's AutoSprint","铁华团","参展/往届模组","https://github.com/luoxueyasha/autosprint","c5ed0cf5b2654d19a558bf6ed7809587","Enderman_zz","Enderman_zz","Enderman_zz","false","false","https://biluochun.teacon.cn/api/v1/user/avatar?user=c5ed0cf5b2654d19a558bf6ed7809587"
"581","女仆的烘焙坊","女仆的烘焙坊","参展/往届模组","https://github.com/Renyigesai/maidbakeries-template-26.1.2","4e91dd26ca7f45beb85600e6d5bf40b8","Renyigesai","Renyigesai","Renyigesai","false","false","https://biluochun.teacon.cn/api/v1/user/avatar?user=4e91dd26ca7f45beb85600e6d5bf40b8"
"589","女仆的路径剧本","拿着路径剧本的女仆","参展/往届模组","https://github.com/zxy19/maid-path-script","4929a2bcd842468fb2e9f31aa9099c77","xypp","xypp","xypp","false","false","https://biluochun.teacon.cn/api/v1/user/avatar?user=4929a2bcd842468fb2e9f31aa9099c77"
