"developer_id","developer_name","minecraft_name","username","is_builder","is_staff","project_count","project_ids","project_names","avatar_url"
"9209c29ac45942658f9af03a01e416bc","_AftRaining_","_AftRaining_","_AftRaining_","true","false","1","564","枢革墟烬","https://biluochun.teacon.cn/api/v1/user/avatar?user=9209c29ac45942658f9af03a01e416bc"
"231a217b300641baa313b91454317fc8","_hawah_","_hawah_","_hawah_","false","false","1","499","Shake n Stir","https://biluochun.teacon.cn/api/v1/user/avatar?user=231a217b300641baa313b91454317fc8"
"c336ce622101483e87d187de2ae77051","_IMG_","_IMG_","_IMG_","false","false","1","492","NetMusic 网络音乐机","https://biluochun.teacon.cn/api/v1/user/avatar?user=c336ce622101483e87d187de2ae77051"
"fa6adcd284284102ad65b3aefe414016","17NULL","17NULL","17NULL","false","false","1","559","女仆仓管","https://biluochun.teacon.cn/api/v1/user/avatar?user=fa6adcd284284102ad65b3aefe414016"
"9072918679c240b49eb231e89f943c87","3944Realms","3944Realms","3944Realms","false","false","4","420 | 423 | 445 | 522","有借无还 | 超级拴绳 | 红包🧧 | 叁玖库","https://biluochun.teacon.cn/api/v1/user/avatar?user=9072918679c240b49eb231e89f943c87"
"8b53ae84f8ec46958ae2110796f5804d","66jack","66jack","66jack","false","false","1","421","家具计划","https://biluochun.teacon.cn/api/v1/user/avatar?user=8b53ae84f8ec46958ae2110796f5804d"
"f038c2d6c68a4290b95bdd200af0ac48","AbraHam_0624","AbraHam_0624","AbraHam_0624","false","false","1","436","树脂枪","https://biluochun.teacon.cn/api/v1/user/avatar?user=f038c2d6c68a4290b95bdd200af0ac48"
"52a218adbee142f9aa5fd848bec4dc46","Abslb","Abslb","Abslb","false","false","1","440","收获：遗产","https://biluochun.teacon.cn/api/v1/user/avatar?user=52a218adbee142f9aa5fd848bec4dc46"
"f04752cf9b544829ac126cffbe21f181","AkiraHane","AkiraHane","AkiraHane","false","false","1","545","动量","https://biluochun.teacon.cn/api/v1/user/avatar?user=f04752cf9b544829ac126cffbe21f181"
"8e44f05731ff41318d54897a8a0d886c","ALTNOIR","ALTNOIR","ALTNOIR","true","false","1","433","苇原","https://biluochun.teacon.cn/api/v1/user/avatar?user=8e44f05731ff41318d54897a8a0d886c"
"ccd4149d97184687a7ad07ae8485a1d3","AmanitaBot","AmanitaBot","AmanitaBot","true","false","1","551","无限地牢（Dungeon-Infinity）","https://biluochun.teacon.cn/api/v1/user/avatar?user=ccd4149d97184687a7ad07ae8485a1d3"
"9eadff7485254a76973004393bf198b8","amberisfrozen","amberisfrozen","amberisfrozen","false","false","1","467","NeoMTR 纸板箱特色我的世界铁路","https://biluochun.teacon.cn/api/v1/user/avatar?user=9eadff7485254a76973004393bf198b8"
"88da8d6cc1ae465a91faa7398b6109bc","Amotassic","Amotassic","Amotassic","false","false","2","505 | 512","更多交互 | chatbox","https://biluochun.teacon.cn/api/v1/user/avatar?user=88da8d6cc1ae465a91faa7398b6109bc"
"a75d95fdc87b4a3cabfda9d75ed99f4b","anjisuan608","anjisuan608","安基酸菌","false","false","1","591","拾贰木砧","https://biluochun.teacon.cn/api/v1/user/avatar?user=a75d95fdc87b4a3cabfda9d75ed99f4b"
"9e9877871ae84ba59bfd92a87dd5dde9","Anouk_176","Anouk_176","Anouk_176","false","false","1","592","Geometry Node","https://biluochun.teacon.cn/api/v1/user/avatar?user=9e9877871ae84ba59bfd92a87dd5dde9"
"8ab2c786a27e4b4bb562706d8c441820","Apot2s","Apot2s","Apot2s","false","false","1","420","有借无还","https://biluochun.teacon.cn/api/v1/user/avatar?user=8ab2c786a27e4b4bb562706d8c441820"
"eabcd043256040e8ac0f5ecdfb680cac","Aruku448","Aruku448","Aruku448","true","false","1","497","织影落花","https://biluochun.teacon.cn/api/v1/user/avatar?user=eabcd043256040e8ac0f5ecdfb680cac"
"ecbdd6e63c8a4636a1f0a382e53c9fae","aurora_creeper","aurora_creeper","aurora_creeper","true","false","1","417","贴贴","https://biluochun.teacon.cn/api/v1/user/avatar?user=ecbdd6e63c8a4636a1f0a382e53c9fae"
"a9a336b06056462f86191253401560ed","Aurora_Feather","Aurora_Feather","Aurora_Feather","false","false","1","498","拾穗的贸易台","https://biluochun.teacon.cn/api/v1/user/avatar?user=a9a336b06056462f86191253401560ed"
"1fa057291d224c83898af22e604ee3f0","azurePh03nix","azurePh03nix","azurePh03nix","true","false","1","489","群青","https://biluochun.teacon.cn/api/v1/user/avatar?user=1fa057291d224c83898af22e604ee3f0"
"7d640234a3d642edb8a313d6344a7606","Bai_Qian_114514","Bai_Qian_114514","Bai_Qian_114514","true","false","1","495","万物皆可绳","https://biluochun.teacon.cn/api/v1/user/avatar?user=7d640234a3d642edb8a313d6344a7606"
"b0759699a46e4b93b85848d2829caac7","baka4n","baka4n","baka4n","false","false","1","471","本质主义","https://biluochun.teacon.cn/api/v1/user/avatar?user=b0759699a46e4b93b85848d2829caac7"
"d47327d9f2fb41ddaea2f00da03a2fe1","BlackRuaByte","BlackRuaByte","BlackRuaByte","false","false","1","571","美食世界-Delicacy'World","https://biluochun.teacon.cn/api/v1/user/avatar?user=d47327d9f2fb41ddaea2f00da03a2fe1"
"c30e40e1987a44588eddbf76ba40359c","BloCamLimb","BloCamLimb","BloCamLimb","true","false","1","417","贴贴","https://biluochun.teacon.cn/api/v1/user/avatar?user=c30e40e1987a44588eddbf76ba40359c"
"1a56c67befb54650a65de8ae36fb836b","BloomyBanana","BloomyBanana","BloomyBanana","false","false","1","574","Nature Rebirth","https://biluochun.teacon.cn/api/v1/user/avatar?user=1a56c67befb54650a65de8ae36fb836b"
"9e6a450f149844d090cb1588b706b221","Burning_TNT","Burning_TNT","Burning_TNT","false","true","1","570","LiveHelper","https://biluochun.teacon.cn/api/v1/user/avatar?user=9e6a450f149844d090cb1588b706b221"
"74f8cd7b26b14f93bd7967d9c50223fa","Cake_AL","Cake_AL","Cake_AL","false","false","1","417","贴贴","https://biluochun.teacon.cn/api/v1/user/avatar?user=74f8cd7b26b14f93bd7967d9c50223fa"
"19d57417be7c4150a0253e53153c8fff","CandySanjo","CandySanjo","CandySanjo","false","false","1","497","织影落花","https://biluochun.teacon.cn/api/v1/user/avatar?user=19d57417be7c4150a0253e53153c8fff"
"5d947f2140ae4ba7856648becd0326f8","Cat_Fur","Cat_Fur","猫毛","true","false","2","417 | 494","贴贴 | 简单路径查找器","https://biluochun.teacon.cn/api/v1/user/avatar?user=5d947f2140ae4ba7856648becd0326f8"
"ced380cd9c7746cb9807674ef7d66afe","CC2001","CC2001","CC2001","false","false","2","566 | 567","撅电报 | 纸带八音盒","https://biluochun.teacon.cn/api/v1/user/avatar?user=ced380cd9c7746cb9807674ef7d66afe"
"9d1d0c19ad8f4f7faf0a4e4d4360664c","CcendercatcC","CcendercatcC","CcendercatcC","false","false","1","466","铁砧工艺：猫+!","https://biluochun.teacon.cn/api/v1/user/avatar?user=9d1d0c19ad8f4f7faf0a4e4d4360664c"
"61f90ea47ab34c728f07b841cfb4ba2c","cdy12","cdy12","cdy12","true","false","1","547","混沌炼金","https://biluochun.teacon.cn/api/v1/user/avatar?user=61f90ea47ab34c728f07b841cfb4ba2c"
"152cea0ac21b4c95a7b39a08af8b45de","ChiyukiRuon","ChiyukiRuon","ChiyukiRuon","true","false","1","479","以太工艺","https://biluochun.teacon.cn/api/v1/user/avatar?user=152cea0ac21b4c95a7b39a08af8b45de"
"af45cf27b5e247e1a1118ce22dd2fa8b","Chlamydomonos","Chlamydomonos","Chlamydomonos","false","false","1","480","来自深渊：弹药包","https://biluochun.teacon.cn/api/v1/user/avatar?user=af45cf27b5e247e1a1118ce22dd2fa8b"
"088aa2926ae04743aba50b4a8e2cda54","Chloe_Prime","Chloe_Prime","Chloe_koopa","false","false","1","419","AAA Particles: World","https://biluochun.teacon.cn/api/v1/user/avatar?user=088aa2926ae04743aba50b4a8e2cda54"
"9f3f855f6a924063bc4641441ea222e1","chromiuming","chromiuming","chromiuming","false","false","1","544","兰法斯：本德森之章","https://biluochun.teacon.cn/api/v1/user/avatar?user=9f3f855f6a924063bc4641441ea222e1"
"ca7f8e3e026346088e60d9eb2041a582","chxxyy","chxxyy","chxxyy","true","false","1","495","万物皆可绳","https://biluochun.teacon.cn/api/v1/user/avatar?user=ca7f8e3e026346088e60d9eb2041a582"
"6de648437bac40ca9761dfe6a6de0550","co0olaz","co0olaz","co0olaz","true","false","1","422","ThatSkyInteractions","https://biluochun.teacon.cn/api/v1/user/avatar?user=6de648437bac40ca9761dfe6a6de0550"
"b395207540694ef69073a3871e6e4b42","CR_019","CR_019","CR_019","false","false","2","443 | 436","八角 | 树脂枪","https://biluochun.teacon.cn/api/v1/user/avatar?user=b395207540694ef69073a3871e6e4b42"
"77953c0ac096452d9543ff9e1009effb","creepebucket","creepebucket","creepebucket","false","false","1","483","Programmable Magic","https://biluochun.teacon.cn/api/v1/user/avatar?user=77953c0ac096452d9543ff9e1009effb"
"35567f2eba7b4c8380bb939232676d88","Crystal1921","Crystal1921","Crystal1921","false","false","3","441 | 533 | 550","NeoMystiasIzakaya | 车万女仆 | 方块建模","https://biluochun.teacon.cn/api/v1/user/avatar?user=35567f2eba7b4c8380bb939232676d88"
"4573d69e86ce49aa8517cabb46c79969","CyberSakana","CyberSakana","CyberSakana","true","false","1","497","织影落花","https://biluochun.teacon.cn/api/v1/user/avatar?user=4573d69e86ce49aa8517cabb46c79969"
"212c5e198d74473c9a8c520a8d93cca0","DancingSnow","DancingSnow","DancingSnow","false","false","2","466 | 585","铁砧工艺：猫+! | Neo ECO AE Extension","https://biluochun.teacon.cn/api/v1/user/avatar?user=212c5e198d74473c9a8c520a8d93cca0"
"7e1fdc94a84d4ccab2fd0877ef112041","Drazzilb_DZ","Drazzilb_DZ","Drazzilb_DZ","false","false","1","543","NetherLink","https://biluochun.teacon.cn/api/v1/user/avatar?user=7e1fdc94a84d4ccab2fd0877ef112041"
"a94bf72be1494093834f101e772d8087","Durin_Skeleton","Durin_Skeleton","Durin_Skeleton","false","false","2","562 | 569","Craton（克拉通） | 方生未逝","https://biluochun.teacon.cn/api/v1/user/avatar?user=a94bf72be1494093834f101e772d8087"
"c5ed0cf5b2654d19a558bf6ed7809587","Enderman_zz","Enderman_zz","Enderman_zz","false","false","2","438 | 580","进阶四叶草 Advanced Clover | Orga's AutoSprint","https://biluochun.teacon.cn/api/v1/user/avatar?user=c5ed0cf5b2654d19a558bf6ed7809587"
"fa5a2fe51a8a4725b5542c3b037a4854","ESENsNess","ESENsNess","ESENsNess","false","false","1","547","混沌炼金","https://biluochun.teacon.cn/api/v1/user/avatar?user=fa5a2fe51a8a4725b5542c3b037a4854"
"ec8de2583c0446478a4c0660aaa7c8ab","Fff_ff","Fff_ff","Fff_ff","false","false","1","477","藿香","https://biluochun.teacon.cn/api/v1/user/avatar?user=ec8de2583c0446478a4c0660aaa7c8ab"
"7b589933f89e4fcd9c0dd73fc825c6be","Flechazo_____","Flechazo_____","Flechazo_____","true","false","2","474 | 489","伊卡洛斯之翼 | 群青","https://biluochun.teacon.cn/api/v1/user/avatar?user=7b589933f89e4fcd9c0dd73fc825c6be"
"88b05aad3eed423badef33c5f852ce55","flilx1397","flilx1397","flilx1397","false","false","1","490","吾有一術","https://biluochun.teacon.cn/api/v1/user/avatar?user=88b05aad3eed423badef33c5f852ce55"
"928a139d16bf4df9ac5a8ff04ad6e172","Forest_E233","Forest_E233","Forest_E233","true","false","1","467","NeoMTR 纸板箱特色我的世界铁路","https://biluochun.teacon.cn/api/v1/user/avatar?user=928a139d16bf4df9ac5a8ff04ad6e172"
"6e1729836e8f4422802a964f5e98512e","Fx_yu","Fx_yu","Fx_yu","false","false","2","420 | 423","有借无还 | 超级拴绳","https://biluochun.teacon.cn/api/v1/user/avatar?user=6e1729836e8f4422802a964f5e98512e"
"8922cbbc0c404262b0b8a153ec94ecdc","gengyoubo","gengyoubo","gengyoubo","false","false","1","524","Bakeries","https://biluochun.teacon.cn/api/v1/user/avatar?user=8922cbbc0c404262b0b8a153ec94ecdc"
"c3372e9ddd654c13a139a087ba0d0520","Geometry_coco","Geometry_coco","Geometry_coco","false","false","2","550 | 491","方块建模 | 方块小镇","https://biluochun.teacon.cn/api/v1/user/avatar?user=c3372e9ddd654c13a139a087ba0d0520"
"a629773a27564159915f6267b9ec2d01","Glyceryl6","Glyceryl6","Glyceryl6","false","false","2","439 | 528","V我50 | 吉星工艺（Astral Craft）","https://biluochun.teacon.cn/api/v1/user/avatar?user=a629773a27564159915f6267b9ec2d01"
"b54ce04520a3447b93b8522353ae3861","Green_YIce","Green_YIce","Green_YIce","true","false","1","543","NetherLink","https://biluochun.teacon.cn/api/v1/user/avatar?user=b54ce04520a3447b93b8522353ae3861"
"7d7c8feda2e64b468a5a331ee7d63d55","GTriXylitol","GTriXylitol","GTriXylitol","true","false","6","466 | 440 | 433 | 437 | 442 | 494","铁砧工艺：猫+! | 收获：遗产 | 苇原 | 铁砧工艺：猪+ | Mekanism:More Machine | 简单路径查找器","https://biluochun.teacon.cn/api/v1/user/avatar?user=7d7c8feda2e64b468a5a331ee7d63d55"
"a7a00f4cb57043238375253e1ce0c3da","Gugle","Gugle","古镇天Gugle","false","false","6","434 | 464 | 425 | 443 | 463 | 477","袖里舆图 | 山河同契 | 铁砧工艺 | 八角 | 中键标点 | 藿香","https://biluochun.teacon.cn/api/v1/user/avatar?user=a7a00f4cb57043238375253e1ce0c3da"
"cdac7bf1422a4bb4babfd570b0f2455f","gyxx_xc","gyxx_xc","gyxx_xc","false","false","2","565 | 490","吾有一术：新秩序 | 吾有一術","https://biluochun.teacon.cn/api/v1/user/avatar?user=cdac7bf1422a4bb4babfd570b0f2455f"
"c449f7c9d39e403f879e4b780199a943","hailuo1001","hailuo1001","hailuo1001","false","false","1","441","NeoMystiasIzakaya","https://biluochun.teacon.cn/api/v1/user/avatar?user=c449f7c9d39e403f879e4b780199a943"
"48047d9663844c6fba996318da579d51","haohao0407","haohao0407","haohao0407","false","false","1","526","联界门","https://biluochun.teacon.cn/api/v1/user/avatar?user=48047d9663844c6fba996318da579d51"
"8d50704e8172485d80478cea88530783","haoooo_","haoooo_","haoooo_","false","false","1","498","拾穗的贸易台","https://biluochun.teacon.cn/api/v1/user/avatar?user=8d50704e8172485d80478cea88530783"
"1b02eecc87034b9dbf4d18073444a4e4","Harry_hq","Harry_hq","Harry-hq","false","false","1","519","海瑞的连锁挖矿","https://biluochun.teacon.cn/api/v1/user/avatar?user=1b02eecc87034b9dbf4d18073444a4e4"
"157bc30e4b334e04ab91ed38f4f50c88","Hedonie","Hedonie","Hedonie","true","false","1","575","ObeliskDepths","https://biluochun.teacon.cn/api/v1/user/avatar?user=157bc30e4b334e04ab91ed38f4f50c88"
"64f5e4134c3d4de88abb2df13c2564d9","Helium_04","Helium_04","Kogasa Studio","false","false","1","433","苇原","https://biluochun.teacon.cn/api/v1/user/avatar?user=64f5e4134c3d4de88abb2df13c2564d9"
"3a529f5652b749349598b5beb2947943","Hureherd","Hureherd","Hureherd","false","false","1","470","MinecartRevolution","https://biluochun.teacon.cn/api/v1/user/avatar?user=3a529f5652b749349598b5beb2947943"
"de97286a40df48b4a9236e74b5962613","HyswxObsidian","HyswxObsidian","HyswxObsidian","true","false","1","489","群青","https://biluochun.teacon.cn/api/v1/user/avatar?user=de97286a40df48b4a9236e74b5962613"
"2d036f99ea9f49568e711998c17afa1a","I_am_a_lolikong","I_am_a_lolikong","I_am_a_lolikong","false","false","1","565","吾有一术：新秩序","https://biluochun.teacon.cn/api/v1/user/avatar?user=2d036f99ea9f49568e711998c17afa1a"
"0647258950994da087bb24018d30cbb3","ice_berry","ice_berry","ice_berry","true","false","1","472","泰拉巨石","https://biluochun.teacon.cn/api/v1/user/avatar?user=0647258950994da087bb24018d30cbb3"
"07425571259447868571808b3c095fda","idyllic_bean","idyllic_bean","idyllic_bean","false","false","1","577","Crock Pot","https://biluochun.teacon.cn/api/v1/user/avatar?user=07425571259447868571808b3c095fda"
"feacb1c1bc174b979207b28502de56c5","Infinity_rain","Infinity_rain","Infinity_rain","false","false","2","569 | 517","方生未逝 | 墨迹工艺","https://biluochun.teacon.cn/api/v1/user/avatar?user=feacb1c1bc174b979207b28502de56c5"
"227bb1c6688a42b3bec36d7f6c1c9ee3","InitAuther97","InitAuther97","InitAuther97","true","false","2","466 | 494","铁砧工艺：猫+! | 简单路径查找器","https://biluochun.teacon.cn/api/v1/user/avatar?user=227bb1c6688a42b3bec36d7f6c1c9ee3"
"ced8c8d0b56541d68e6ce879aaf57173","ishland","ishland","ishland","true","false","1","466","铁砧工艺：猫+!","https://biluochun.teacon.cn/api/v1/user/avatar?user=ced8c8d0b56541d68e6ce879aaf57173"
"f7209610a20d4f6b92e6d928c347d5bd","Jerry_Lee_","Jerry_Lee_","Jerry_Lee_","true","false","1","495","万物皆可绳","https://biluochun.teacon.cn/api/v1/user/avatar?user=f7209610a20d4f6b92e6d928c347d5bd"
"c88607745a54484983cb1ad89d2539c8","jianzoushihu","jianzoushihu","jianzoushihu","false","false","3","562 | 531 | 541","Craton（克拉通） | 节气 | 动态的树","https://biluochun.teacon.cn/api/v1/user/avatar?user=c88607745a54484983cb1ad89d2539c8"
"11cc469d823b44a2af4567d78ea8e848","Jon_Ho","Jon_Ho","Jon_Ho","false","false","1","467","NeoMTR 纸板箱特色我的世界铁路","https://biluochun.teacon.cn/api/v1/user/avatar?user=11cc469d823b44a2af4567d78ea8e848"
"1b301234b9814602b1e2f1598ce175fa","JueYing_KuangSa","JueYing_KuangSa","JueYing_KuangSa","true","false","1","543","NetherLink","https://biluochun.teacon.cn/api/v1/user/avatar?user=1b301234b9814602b1e2f1598ce175fa"
"ea27bc8e019a42a3af009faaa237e7c0","Justcnds","Justcnds","Justcnds","true","false","1","528","吉星工艺（Astral Craft）","https://biluochun.teacon.cn/api/v1/user/avatar?user=ea27bc8e019a42a3af009faaa237e7c0"
"403747b775cc4387a8c1e04708e1abe2","kaguya154","kaguya154","kaguya154","false","false","1","441","NeoMystiasIzakaya","https://biluochun.teacon.cn/api/v1/user/avatar?user=403747b775cc4387a8c1e04708e1abe2"
"b7acc29310d24091a561fa3bb88c56ba","kanyED1","kanyED1","kanyED1","true","false","1","459","我的肉鸽","https://biluochun.teacon.cn/api/v1/user/avatar?user=b7acc29310d24091a561fa3bb88c56ba"
"abe89acd0a8b46fbb61d117d6575e914","Katuria","Katuria","Katuria","false","false","1","582","街头主义 The Streetism","https://biluochun.teacon.cn/api/v1/user/avatar?user=abe89acd0a8b46fbb61d117d6575e914"
"47748133b7564e158276f3004da52c78","khjxiaogu","khjxiaogu","khjxiaogu","false","false","2","432 | 549","蜂会 | 会饮","https://biluochun.teacon.cn/api/v1/user/avatar?user=47748133b7564e158276f3004da52c78"
"2fa297a67803462983607059155cf43e","KilaBash","KilaBash","KilaBash","false","false","1","586","KilaGraph","https://biluochun.teacon.cn/api/v1/user/avatar?user=2fa297a67803462983607059155cf43e"
"16d2b8c702b04b0493b1c4ab8e20c91b","KING_VITIONNOT","KING_VITIONNOT","KING_VITIONNOT","false","false","1","557","Sip Moment","https://biluochun.teacon.cn/api/v1/user/avatar?user=16d2b8c702b04b0493b1c4ab8e20c91b"
"c3be12731046460eb3198f26e2a87dab","Kirara_Fantasia","Kirara_Fantasia","Kirara_Fantasia","true","false","1","489","群青","https://biluochun.teacon.cn/api/v1/user/avatar?user=c3be12731046460eb3198f26e2a87dab"
"0a1f34816bea416ca4c1317c8159129a","KISIN_REIMU","KISIN_REIMU","KISIN_REIMU","false","false","1","441","NeoMystiasIzakaya","https://biluochun.teacon.cn/api/v1/user/avatar?user=0a1f34816bea416ca4c1317c8159129a"
"eea11cc3af9940038bb889337494d552","KochiyaSanaeNya","KochiyaSanaeNya","KochiyaSanaeNya","false","false","1","582","街头主义 The Streetism","https://biluochun.teacon.cn/api/v1/user/avatar?user=eea11cc3af9940038bb889337494d552"
"d83558c3062348af9926400878e1c497","KunoSayo","KunoSayo","KunoSayo","true","false","3","417 | 494 | 558","贴贴 | 简单路径查找器 | Minecraft Mod MCP","https://biluochun.teacon.cn/api/v1/user/avatar?user=d83558c3062348af9926400878e1c497"
"11ad9a2cc1844b13bb1e3f9c98a64fd3","La_Fi","La_Fi","La_Fi","false","false","1","490","吾有一術","https://biluochun.teacon.cn/api/v1/user/avatar?user=11ad9a2cc1844b13bb1e3f9c98a64fd3"
"258ebcd52b02456ab79aef88ea9ffc26","langyo","langyo","langyo","false","false","1","558","Minecraft Mod MCP","https://biluochun.teacon.cn/api/v1/user/avatar?user=258ebcd52b02456ab79aef88ea9ffc26"
"5f0376e6764f414d811110375f2a8dcb","lcy0x1","lcy0x1","lcy0x1","false","false","2","551 | 444","无限地牢（Dungeon-Infinity） | 傀儡装配（Modular Golems）","https://biluochun.teacon.cn/api/v1/user/avatar?user=5f0376e6764f414d811110375f2a8dcb"
"0e8893aead924d7fbd6d786d1e183346","Leaden_TP","Leaden_TP","Leaden_TP","false","false","1","536","铁砧工艺：额外电力 | Anvilcraft-ExtraPower","https://biluochun.teacon.cn/api/v1/user/avatar?user=0e8893aead924d7fbd6d786d1e183346"
"3410ba549b184440800f2771e8a6cf11","LenyuCoffee","LenyuCoffee","LenyuCoffee","true","false","2","551 | 444","无限地牢（Dungeon-Infinity） | 傀儡装配（Modular Golems）","https://biluochun.teacon.cn/api/v1/user/avatar?user=3410ba549b184440800f2771e8a6cf11"
"d4d428858d73410f83d8376f0f06c35c","Lex_Eden","Lex_Eden","Lex_Eden","true","false","1","442","Mekanism:More Machine","https://biluochun.teacon.cn/api/v1/user/avatar?user=d4d428858d73410f83d8376f0f06c35c"
"f1af4d2496404b129760136d15cb3e90","Lexsteam","Lexsteam","Centurion","false","false","1","497","织影落花","https://biluochun.teacon.cn/api/v1/user/avatar?user=f1af4d2496404b129760136d15cb3e90"
"7100429033e24a7d94e07678d7b24b2d","Linngdu664","Linngdu664","Linngdu664","false","false","3","547 | 506 | 513","混沌炼金 | 深岩银河激光指示器 | 更好的打雪仗3：重制版","https://biluochun.teacon.cn/api/v1/user/avatar?user=7100429033e24a7d94e07678d7b24b2d"
"76f4926bae074adaba46fe5d31b45ab1","Litt1eBai","Litt1eBai","Litt1eBai","false","false","1","593","2004","https://biluochun.teacon.cn/api/v1/user/avatar?user=76f4926bae074adaba46fe5d31b45ab1"
"9beea86a506546848a9fb221cb7fcedb","Liuyue_awa","Liuyue_awa","Liuyue_awa","false","false","1","470","MinecartRevolution","https://biluochun.teacon.cn/api/v1/user/avatar?user=9beea86a506546848a9fb221cb7fcedb"
"3779e8eb78d24da29bdd5a34c8b76344","liziluyu","liziluyu","liziluyu","false","false","1","497","织影落花","https://biluochun.teacon.cn/api/v1/user/avatar?user=3779e8eb78d24da29bdd5a34c8b76344"
"38d80e60f99e42ceac2ee0ae9ee5c7fe","Loci_Natit","Loci_Natit","Loci_Natit","false","false","2","486 | 462","和弦 | 卡里普索的糖果工坊","https://biluochun.teacon.cn/api/v1/user/avatar?user=38d80e60f99e42ceac2ee0ae9ee5c7fe"
"0af21ad233cc4c4dbabd0689805a598f","LocusAzzurro","LocusAzzurro","LocusAzzurro","false","false","2","474 | 489","伊卡洛斯之翼 | 群青","https://biluochun.teacon.cn/api/v1/user/avatar?user=0af21ad233cc4c4dbabd0689805a598f"
"7452aff1aa424ff8a0a5852999eb1b9b","lostmyself8","lostmyself8","lostmyself8","false","false","1","442","Mekanism:More Machine","https://biluochun.teacon.cn/api/v1/user/avatar?user=7452aff1aa424ff8a0a5852999eb1b9b"
"18a7abb0d4ce42838f910c9220cbefb3","Louis_Quepierts","Louis_Quepierts","Louis_Quepierts","false","false","1","422","ThatSkyInteractions","https://biluochun.teacon.cn/api/v1/user/avatar?user=18a7abb0d4ce42838f910c9220cbefb3"
"3999e4aa9bdc446eb2bea319836d445b","luoxueyasha","luoxueyasha","luoxueyasha","false","false","2","438 | 580","进阶四叶草 Advanced Clover | Orga's AutoSprint","https://biluochun.teacon.cn/api/v1/user/avatar?user=3999e4aa9bdc446eb2bea319836d445b"
"c1810f262464459ba1b50ffa31899936","Lupinuz","Lupinuz","Lupinuz","false","false","1","503","本机正常","https://biluochun.teacon.cn/api/v1/user/avatar?user=c1810f262464459ba1b50ffa31899936"
"cb5e34e8ee2a4b208e60a7ccdbf18ee4","Lyuuke","Lyuuke","Lyuuke","false","false","3","562 | 432 | 549","Craton（克拉通） | 蜂会 | 会饮","https://biluochun.teacon.cn/api/v1/user/avatar?user=cb5e34e8ee2a4b208e60a7ccdbf18ee4"
"f73f8826f4404105805ccb5d039784da","LYZdelight","LYZdelight","LYZdelight","false","false","1","557","Sip Moment","https://biluochun.teacon.cn/api/v1/user/avatar?user=f73f8826f4404105805ccb5d039784da"
"de49f801b7c847d18600a17b3549fc34","Maker_MC","Maker_MC","Maker_MC","false","false","3","564 | 590 | 421","枢革墟烬 | Lights up(舞台灯光) | 家具计划","https://biluochun.teacon.cn/api/v1/user/avatar?user=de49f801b7c847d18600a17b3549fc34"
"8f50bdf3cb094e29ab76dc1cf9db86a1","MalayP","MalayP","MalayP","false","true","2","469 | 577","Mino++ | Crock Pot","https://biluochun.teacon.cn/api/v1/user/avatar?user=8f50bdf3cb094e29ab76dc1cf9db86a1"
"d79b83a9caf04161a02fe572415066f7","MarbleGateKeeper","MarbleGateKeeper","MarbleGateKeeper","false","false","3","430 | 465 | 534","我想加入天际俯冲 Skyward Dive | 最后的上勾拳 One Last Rising Uppercut | 超级管道速滑 SuperPipeSlide","https://biluochun.teacon.cn/api/v1/user/avatar?user=d79b83a9caf04161a02fe572415066f7"
"ffb4eabaa2f9444fa9625d72426c1d36","MC_HuangTao","MC_HuangTao","MC_HuangTao","false","false","2","551 | 444","无限地牢（Dungeon-Infinity） | 傀儡装配（Modular Golems）","https://biluochun.teacon.cn/api/v1/user/avatar?user=ffb4eabaa2f9444fa9625d72426c1d36"
"a005474c95054d578501607025552631","Meo_LoBSter","Meo_LoBSter","萌虾","false","false","2","437 | 477","铁砧工艺：猪+ | 藿香","https://biluochun.teacon.cn/api/v1/user/avatar?user=a005474c95054d578501607025552631"
"d606faeea3f0434cbaf25f515efb847b","MercuryGryph","MercuryGryph","9猫猫","true","false","3","466 | 511 | 425","铁砧工艺：猫+! | 多彩水晶 | 铁砧工艺","https://biluochun.teacon.cn/api/v1/user/avatar?user=d606faeea3f0434cbaf25f515efb847b"
"a369b7eb15e54696a08582556f5f5452","MewKooo","MewKooo","MewKooo","false","false","1","572","简单跑酷","https://biluochun.teacon.cn/api/v1/user/avatar?user=a369b7eb15e54696a08582556f5f5452"
"7d107895702c49e59433d627588dc0d9","Mo_bing_","Mo_bing_","Mo_bing_","true","false","1","572","简单跑酷","https://biluochun.teacon.cn/api/v1/user/avatar?user=7d107895702c49e59433d627588dc0d9"
"7b875102aef74304be148692cf5d6c75","mosquitozzi","mosquitozzi","mosquitozzi","true","true","1","416","展示玩偶（Display Doll）","https://biluochun.teacon.cn/api/v1/user/avatar?user=7b875102aef74304be148692cf5d6c75"
"88ff55aa664e43658f84b08d16a6af3b","MOYunRu","MOYunRu","MOYunRu","false","false","1","420","有借无还","https://biluochun.teacon.cn/api/v1/user/avatar?user=88ff55aa664e43658f84b08d16a6af3b"
"df32684c965d48e59d5f4c4b442c58f7","Mr_RadoVAN","Mr_RadoVAN","Mr_RadoVAN","true","false","1","588","BoxDeco","https://biluochun.teacon.cn/api/v1/user/avatar?user=df32684c965d48e59d5f4c4b442c58f7"
"f5603e9dc96441eb9ce02085896c1ed5","mrqx0195","mrqx0195","mrqx0195","false","false","1","521","时间胶囊（Time Capsule）","https://biluochun.teacon.cn/api/v1/user/avatar?user=f5603e9dc96441eb9ce02085896c1ed5"
"a9cb8465413c43ae958487370ae54c34","MSDNicrosoft","MSDNicrosoft","MSDNicrosoft","false","false","1","466","铁砧工艺：猫+!","https://biluochun.teacon.cn/api/v1/user/avatar?user=a9cb8465413c43ae958487370ae54c34"
"47010aac4edd47aeb1610dcc4e39ef88","Mulatram_UwU","Mulatram_UwU","Mulatram_UwU","false","false","1","470","MinecartRevolution","https://biluochun.teacon.cn/api/v1/user/avatar?user=47010aac4edd47aeb1610dcc4e39ef88"
"05af4c8922c1426fa12d5c9ce85de7b5","Murasame_chaan","Murasame_chaan","Murasame_chaan","false","false","1","420","有借无还","https://biluochun.teacon.cn/api/v1/user/avatar?user=05af4c8922c1426fa12d5c9ce85de7b5"
"5cac87eb41cf45bfb196d2c503ee3c12","Mutsumi621","Mutsumi621","Mutsumi621","true","false","3","548 | 575 | 524","伤害枢纽 | ObeliskDepths | Bakeries","https://biluochun.teacon.cn/api/v1/user/avatar?user=5cac87eb41cf45bfb196d2c503ee3c12"
"493b9a17978548d7916a55711a6347df","MuyeNaiNai","MuyeNaiNai","MuyeNaiNai","false","false","1","441","NeoMystiasIzakaya","https://biluochun.teacon.cn/api/v1/user/avatar?user=493b9a17978548d7916a55711a6347df"
"2e77afedc0e64bb59b7ba16e05211e74","MUYU_Twilighter","MUYU_Twilighter","MUYU_Twilighter","false","false","1","543","NetherLink","https://biluochun.teacon.cn/api/v1/user/avatar?user=2e77afedc0e64bb59b7ba16e05211e74"
"bad8f41b26dd42aa934f60609ac47849","NeptuneTADASHI","NeptuneTADASHI","NeptuneTADASHI","false","false","1","524","Bakeries","https://biluochun.teacon.cn/api/v1/user/avatar?user=bad8f41b26dd42aa934f60609ac47849"
"d3db92dce2ae48aa9e656ce3c060243a","NightFish2009","NightFish2009","NightFish2009","false","false","1","425","铁砧工艺","https://biluochun.teacon.cn/api/v1/user/avatar?user=d3db92dce2ae48aa9e656ce3c060243a"
"b5e596379f454271927bb575400b46dc","nyachuletaxiaoE","nyachuletaxiaoE","nyachuletaxiaoE","false","false","1","571","美食世界-Delicacy'World","https://biluochun.teacon.cn/api/v1/user/avatar?user=b5e596379f454271927bb575400b46dc"
"bd1d782cf4874a44aa3f6fa183c1d61b","Pajang_Forever","Pajang_Forever","Pajang_Forever","false","false","1","507","我的尖塔","https://biluochun.teacon.cn/api/v1/user/avatar?user=bd1d782cf4874a44aa3f6fa183c1d61b"
"bd90e01f73364b10acd23888e1e4a53e","PENPEN__","PENPEN__","PENPEN__","true","false","1","470","MinecartRevolution","https://biluochun.teacon.cn/api/v1/user/avatar?user=bd90e01f73364b10acd23888e1e4a53e"
"cdc5e7d5998b4a52a3979ea6160a3498","Pigeon_Nian","Pigeon_Nian","Pigeon_Nian","true","false","1","425","铁砧工艺","https://biluochun.teacon.cn/api/v1/user/avatar?user=cdc5e7d5998b4a52a3979ea6160a3498"
"71a72a581e074ca88a3e0adad172984f","QiuShui1012","QiuShui1012","秋水AuU_","false","false","2","540 | 425","铁砧工艺：天猫行空 | 铁砧工艺","https://biluochun.teacon.cn/api/v1/user/avatar?user=71a72a581e074ca88a3e0adad172984f"
"ea5a2fbdfbca487ca35f081757c374d7","QiuYeQAQ2024","QiuYeQAQ2024","QiuYeQAQ2024","false","false","1","442","Mekanism:More Machine","https://biluochun.teacon.cn/api/v1/user/avatar?user=ea5a2fbdfbca487ca35f081757c374d7"
"2f04a35291614dc9bd595de092d0be40","QSwOrDZ","QSwOrDZ","QSwOrDZ","false","false","1","479","以太工艺","https://biluochun.teacon.cn/api/v1/user/avatar?user=2f04a35291614dc9bd595de092d0be40"
"b239b3cbaf7d4b9b8ef93cac667baf57","QuinnSS","QuinnSS","DustW","false","false","1","461","圣脾","https://biluochun.teacon.cn/api/v1/user/avatar?user=b239b3cbaf7d4b9b8ef93cac667baf57"
"cc6c2c4b6bb34be380987b313173877d","R3944Realms","R3944Realms","R3944Realms","false","false","1","445","红包🧧","https://biluochun.teacon.cn/api/v1/user/avatar?user=cc6c2c4b6bb34be380987b313173877d"
"a9ac3c7be64a4121bb72e60f122e7c9e","redColmula55","redColmula55","redColmula55","false","false","2","578 | 576","舌战群儒 | Cauldron++","https://biluochun.teacon.cn/api/v1/user/avatar?user=a9ac3c7be64a4121bb72e60f122e7c9e"
"4e91dd26ca7f45beb85600e6d5bf40b8","Renyigesai","Renyigesai","Renyigesai","false","false","3","557 | 524 | 581","Sip Moment | Bakeries | 女仆的烘焙坊","https://biluochun.teacon.cn/api/v1/user/avatar?user=4e91dd26ca7f45beb85600e6d5bf40b8"
"ac7a82fcbd4341a394c4c8875ab698d3","RinOArdo_","RinOArdo_","RinOArdo_","true","false","1","489","群青","https://biluochun.teacon.cn/api/v1/user/avatar?user=ac7a82fcbd4341a394c4c8875ab698d3"
"8778f930d5754b48bfaaaf8d498cb0b1","Royling","Royling","Royling","false","false","1","504","书信，信号，电话","https://biluochun.teacon.cn/api/v1/user/avatar?user=8778f930d5754b48bfaaaf8d498cb0b1"
"034280b468ef45288f4e8a059f820843","Ryan100C","Ryan100C","Ryan100C","false","false","1","470","MinecartRevolution","https://biluochun.teacon.cn/api/v1/user/avatar?user=034280b468ef45288f4e8a059f820843"
"5a987a40e5ac40b5b4191e0e22240faa","Sakura_Dawn","Sakura_Dawn","Sakura_Dawn","false","false","1","571","美食世界-Delicacy'World","https://biluochun.teacon.cn/api/v1/user/avatar?user=5a987a40e5ac40b5b4191e0e22240faa"
"8eca77b011ed4d339ceba1fd87eca2c3","Sam_Chai","Sam_Chai","Sam_Chai","false","false","1","531","节气","https://biluochun.teacon.cn/api/v1/user/avatar?user=8eca77b011ed4d339ceba1fd87eca2c3"
"724b04edffec4cd091fda52307f895ba","Seraph_JACK","Seraph_JACK","Seraph_JACK","false","true","1","577","Crock Pot","https://biluochun.teacon.cn/api/v1/user/avatar?user=724b04edffec4cd091fda52307f895ba"
"f45379a84cf64587b9e0dc8091a37322","shen_hu","shen_hu","shen_hu","false","false","1","524","Bakeries","https://biluochun.teacon.cn/api/v1/user/avatar?user=f45379a84cf64587b9e0dc8091a37322"
"bf4133f80a074d1bbaf9cdc46b993e89","Shiroi_Sakana","Shiroi_Sakana","yu_ze_fish","false","false","1","417","贴贴","https://biluochun.teacon.cn/api/v1/user/avatar?user=bf4133f80a074d1bbaf9cdc46b993e89"
"e882cd6f84164021855da1b722645cfc","ShuiXi_233","ShuiXi_233","ShuiXi_233","true","false","1","421","家具计划","https://biluochun.teacon.cn/api/v1/user/avatar?user=e882cd6f84164021855da1b722645cfc"
"709aa5ca4c7e4de18432245db1e23249","Si_hen","Si_hen","Si_hen","false","true","1","577","Crock Pot","https://biluochun.teacon.cn/api/v1/user/avatar?user=709aa5ca4c7e4de18432245db1e23249"
"5a25048de99e4016bb9b376f96bdb293","SiyinoXinyuan","SiyinoXinyuan","SiyinoXinyuan","false","false","1","417","贴贴","https://biluochun.teacon.cn/api/v1/user/avatar?user=5a25048de99e4016bb9b376f96bdb293"
"ab53776c9f48401ca4a8b5176a51d3c0","skyinr","skyinr","skyinr","false","false","1","431","Roads","https://biluochun.teacon.cn/api/v1/user/avatar?user=ab53776c9f48401ca4a8b5176a51d3c0"
"69b6ba0c00514060ae9cc1a4d2e60a75","slmpc","slmpc","slmpc","false","false","1","472","泰拉巨石","https://biluochun.teacon.cn/api/v1/user/avatar?user=69b6ba0c00514060ae9cc1a4d2e60a75"
"96cdc2af2a194a5cbbad50ede40822e6","Souiken","Souiken","Souiken","true","false","1","466","铁砧工艺：猫+!","https://biluochun.teacon.cn/api/v1/user/avatar?user=96cdc2af2a194a5cbbad50ede40822e6"
"fb112af485274ff4b5385303ccf2650b","SShakusora","SShakusora","SShakusora","false","false","1","497","织影落花","https://biluochun.teacon.cn/api/v1/user/avatar?user=fb112af485274ff4b5385303ccf2650b"
"b6ec1139c1f14645a805944e92895cd1","Stargazer_Iris","Stargazer_Iris","Stargazer_Iris","true","false","1","474","伊卡洛斯之翼","https://biluochun.teacon.cn/api/v1/user/avatar?user=b6ec1139c1f14645a805944e92895cd1"
"8e89363948354f68b685a7485c101b7f","Steverjava","Steverjava","Steverjava","false","false","1","591","拾贰木砧","https://biluochun.teacon.cn/api/v1/user/avatar?user=8e89363948354f68b685a7485c101b7f"
"1ba08a10fb0f4f8eabba51ce9beb62b7","Strange_Smell","Strange_Smell","Strange_Smell","false","false","1","583","Valorant","https://biluochun.teacon.cn/api/v1/user/avatar?user=1ba08a10fb0f4f8eabba51ce9beb62b7"
"05dd39a6547148c1b13caefc4e96326e","Suika_Hinata","Suika_Hinata","Suika_Hinata","true","false","1","442","Mekanism:More Machine","https://biluochun.teacon.cn/api/v1/user/avatar?user=05dd39a6547148c1b13caefc4e96326e"
"5bedd8166fe240a0b219d9e23781ae16","Tairitsu1980","Tairitsu1980","Tairitsu1980","true","false","2","575 | 524","ObeliskDepths | Bakeries","https://biluochun.teacon.cn/api/v1/user/avatar?user=5bedd8166fe240a0b219d9e23781ae16"
"992e248e89c44f93bfae56b761f00c04","tartaric_acid","tartaric_acid","tartaric_acid","false","false","4","416 | 533 | 492 | 523","展示玩偶（Display Doll） | 车万女仆 | NetMusic 网络音乐机 | 森罗物语：酒馆","https://biluochun.teacon.cn/api/v1/user/avatar?user=992e248e89c44f93bfae56b761f00c04"
"82af1b07f7454c9e8a1f8836e084980f","TedXenon","TedXenon","TedXenon","true","false","2","442 | 585","Mekanism:More Machine | Neo ECO AE Extension","https://biluochun.teacon.cn/api/v1/user/avatar?user=82af1b07f7454c9e8a1f8836e084980f"
"05c0395407a846118fdc7b9d7da694bb","theabab2333","theabab2333","theabab2333","false","false","1","440","收获：遗产","https://biluochun.teacon.cn/api/v1/user/avatar?user=05c0395407a846118fdc7b9d7da694bb"
"f313f844c6f3469384fd40c52ea46a6b","TheLawF","TheLawF","TheLawF","false","false","1","530","幻想存有论","https://biluochun.teacon.cn/api/v1/user/avatar?user=f313f844c6f3469384fd40c52ea46a6b"
"3f54b1a832b84c7d85c7087f28128050","toi_et_moi","toi_et_moi","toi_et_moi","false","false","1","551","无限地牢（Dungeon-Infinity）","https://biluochun.teacon.cn/api/v1/user/avatar?user=3f54b1a832b84c7d85c7087f28128050"
"509f29216df743fab57cedfe82fe9a68","triple_bpig","triple_bpig","triple_bpig","false","false","2","437 | 477","铁砧工艺：猪+ | 藿香","https://biluochun.teacon.cn/api/v1/user/avatar?user=509f29216df743fab57cedfe82fe9a68"
"5b08291826264abb9f3a1b90b7a9f795","Txt_Text","Txt_Text","Txt_Text","false","false","1","472","泰拉巨石","https://biluochun.teacon.cn/api/v1/user/avatar?user=5b08291826264abb9f3a1b90b7a9f795"
"f65938afe22542e183aaa71444bbf6e5","ugnjhjf","ugnjhjf","ugnjhjf","false","false","2","565 | 490","吾有一术：新秩序 | 吾有一術","https://biluochun.teacon.cn/api/v1/user/avatar?user=f65938afe22542e183aaa71444bbf6e5"
"941397178c4d4c10883c9a5d1a8fe5ec","USS_Shenzhou","USS_Shenzhou","USS_Shenzhou","false","true","2","428 | 429","MadParticle | Channel","https://biluochun.teacon.cn/api/v1/user/avatar?user=941397178c4d4c10883c9a5d1a8fe5ec"
"60784eccfd0048d4b8a108eb9516a458","Viola_Siemens","Viola_Siemens","Viola_Siemens","false","false","1","561","Girlfriends","https://biluochun.teacon.cn/api/v1/user/avatar?user=60784eccfd0048d4b8a108eb9516a458"
"1fb559f042d646faa39d2ab9c531e843","Vo1dEX_","Vo1dEX_","Vo1dEX_","true","false","1","477","藿香","https://biluochun.teacon.cn/api/v1/user/avatar?user=1fb559f042d646faa39d2ab9c531e843"
"f393f4fbb9374e5b80e53382d2285734","Volloval","Volloval","Volloval","true","false","1","497","织影落花","https://biluochun.teacon.cn/api/v1/user/avatar?user=f393f4fbb9374e5b80e53382d2285734"
"f62b7f51b27448b2ad6a9647f196ec5c","vvvbbbcz","vvvbbbcz","vvvbbbcz","false","false","1","418","工业基石","https://biluochun.teacon.cn/api/v1/user/avatar?user=f62b7f51b27448b2ad6a9647f196ec5c"
"6940df05e25e44ba80114b7aa6bb6762","WangXiaoJin","WangXiaoJin","WangXiaoJin","false","false","1","472","泰拉巨石","https://biluochun.teacon.cn/api/v1/user/avatar?user=6940df05e25e44ba80114b7aa6bb6762"
"5ba80d703b56445b86c8f861e352ddf0","WeiAL","WeiAL","WeiAL","false","false","2","551 | 444","无限地牢（Dungeon-Infinity） | 傀儡装配（Modular Golems）","https://biluochun.teacon.cn/api/v1/user/avatar?user=5ba80d703b56445b86c8f861e352ddf0"
"fc56d7bed9a54209856f8ae27e45b2bc","WhiseNT","WhiseNT","WhiseNT","false","false","1","485","我们意念合一","https://biluochun.teacon.cn/api/v1/user/avatar?user=fc56d7bed9a54209856f8ae27e45b2bc"
"7b53c90b13de44ba99643a2bd53f2bf4","Whyte_V","Whyte_V","不明情况的白","false","false","1","577","Crock Pot","https://biluochun.teacon.cn/api/v1/user/avatar?user=7b53c90b13de44ba99643a2bd53f2bf4"
"626d9ae771a94525a1a208a291da916d","wither_1234014","wither_1234014","wither_1234014","false","false","1","587","更好的鱼竿","https://biluochun.teacon.cn/api/v1/user/avatar?user=626d9ae771a94525a1a208a291da916d"
"b911f124c69a43d09751186b809c2b7b","WN_Shengshi","WN_Shengshi","WN_Shengshi","true","false","2","551 | 444","无限地牢（Dungeon-Infinity） | 傀儡装配（Modular Golems）","https://biluochun.teacon.cn/api/v1/user/avatar?user=b911f124c69a43d09751186b809c2b7b"
"4d7af06fc9d34c838c5bfd8a19a2af0d","WolfHeadDraculta","WolfHeadDraculta","WolfHeadDraculta","true","false","1","497","织影落花","https://biluochun.teacon.cn/api/v1/user/avatar?user=4d7af06fc9d34c838c5bfd8a19a2af0d"
"77718ac3322345ec88d1490a03eabafd","Xe_Kr","Xe_Kr","Xe_Kr","false","false","1","425","铁砧工艺","https://biluochun.teacon.cn/api/v1/user/avatar?user=77718ac3322345ec88d1490a03eabafd"
"c73c958be6c84c3d8543c2f57fbd134b","Xiao_Pang_xie","Xiao_Pang_xie","Xiao_Pang_xie","false","false","4","446 | 514 | 542 | 552","急 | 无穷桌游 | Grack | 玩偶","https://biluochun.teacon.cn/api/v1/user/avatar?user=c73c958be6c84c3d8543c2f57fbd134b"
"2be98f495b9d41d0b0d8e634ba749869","Xiao_Tin","Xiao_Tin","Xiao_Tin","false","false","1","521","时间胶囊（Time Capsule）","https://biluochun.teacon.cn/api/v1/user/avatar?user=2be98f495b9d41d0b0d8e634ba749869"
"9c6491d156fb41e287e1b9629e7ee6cf","XiaoDengPiaoPiao","XiaoDengPiaoPiao","XiaoDengPiaoPiao","false","false","1","525","Phone Generator","https://biluochun.teacon.cn/api/v1/user/avatar?user=9c6491d156fb41e287e1b9629e7ee6cf"
"ee5928f8e7bf4ebc9bf172eb1fc6b8ee","xiaomian124","xiaomian124","xiaomian124","false","false","1","535","更多的食物","https://biluochun.teacon.cn/api/v1/user/avatar?user=ee5928f8e7bf4ebc9bf172eb1fc6b8ee"
"3cf145490787422ab6825d358334dcaf","xingchen124","xingchen124","xingchen124","false","false","1","535","更多的食物","https://biluochun.teacon.cn/api/v1/user/avatar?user=3cf145490787422ab6825d358334dcaf"
"470ab65cbea945e7bace4f76814b2919","Xiris177","Xiris177","Xiris177","false","false","1","472","泰拉巨石","https://biluochun.teacon.cn/api/v1/user/avatar?user=470ab65cbea945e7bace4f76814b2919"
"41d84c1ff65e49cdaa61b239da7579a3","xkball","xkball","xkball","false","true","5","431 | 562 | 426 | 494 | 555","Roads | Craton（克拉通） | x3d map | 简单路径查找器 | 让我看看","https://biluochun.teacon.cn/api/v1/user/avatar?user=41d84c1ff65e49cdaa61b239da7579a3"
"591016e1db8745aca5bc83bbe89e6fdd","xuan_su","xuan_su","xuan_su","true","false","1","558","Minecraft Mod MCP","https://biluochun.teacon.cn/api/v1/user/avatar?user=591016e1db8745aca5bc83bbe89e6fdd"
"4929a2bcd842468fb2e9f31aa9099c77","xypp","xypp","xypp","false","false","4","479 | 525 | 559 | 589","以太工艺 | Phone Generator | 女仆仓管 | 女仆的路径剧本","https://biluochun.teacon.cn/api/v1/user/avatar?user=4929a2bcd842468fb2e9f31aa9099c77"
"7f97980608a24ae7b057ace37fea8c64","y271727uy","y271727uy","y271727uy","true","false","1","585","Neo ECO AE Extension","https://biluochun.teacon.cn/api/v1/user/avatar?user=7f97980608a24ae7b057ace37fea8c64"
"00fdfaab090945368ab7df9d7695e3b4","Yakon0705","Yakon0705","Yakon0705","false","false","1","470","MinecartRevolution","https://biluochun.teacon.cn/api/v1/user/avatar?user=00fdfaab090945368ab7df9d7695e3b4"
"8a9bab9856b2411db47d5205f998ce65","Yang120","Yang120","Yang120","false","false","1","585","Neo ECO AE Extension","https://biluochun.teacon.cn/api/v1/user/avatar?user=8a9bab9856b2411db47d5205f998ce65"
"aa9ca43965534f798cae18d93bdb18ef","yhz_cake","yhz_cake","yhz_cake","false","false","1","564","枢革墟烬","https://biluochun.teacon.cn/api/v1/user/avatar?user=aa9ca43965534f798cae18d93bdb18ef"
"a222d3ccfac94f179e590cc894498692","Youmu_Konpaku7","Youmu_Konpaku7","Youmu_Konpaku7","true","false","1","419","AAA Particles: World","https://biluochun.teacon.cn/api/v1/user/avatar?user=a222d3ccfac94f179e590cc894498692"
"8406644f582d4fa98179515405c746ef","YSBBBB","YSBBBB","YSBBBB","false","false","1","523","森罗物语：酒馆","https://biluochun.teacon.cn/api/v1/user/avatar?user=8406644f582d4fa98179515405c746ef"
"eb23163929114ccda3dfff28e2c29cc3","yuricat","yuricat","yuricat","false","false","1","462","卡里普索的糖果工坊","https://biluochun.teacon.cn/api/v1/user/avatar?user=eb23163929114ccda3dfff28e2c29cc3"
"b156aa39b5844dc68682eed88d5e0fb2","Yuuia","Yuuia","Yuuia","false","false","2","479 | 559","以太工艺 | 女仆仓管","https://biluochun.teacon.cn/api/v1/user/avatar?user=b156aa39b5844dc68682eed88d5e0fb2"
"778544126c7d4f01a8611158a1a00948","YuYi_gy","YuYi_gy","YuYi_gy","true","false","1","528","吉星工艺（Astral Craft）","https://biluochun.teacon.cn/api/v1/user/avatar?user=778544126c7d4f01a8611158a1a00948"
"558d17cba546409a9a6e84caad72c352","Zbx1425","Zbx1425","Zbx1425","false","true","4","588 | 467 | 468 | 469","BoxDeco | NeoMTR 纸板箱特色我的世界铁路 | 随处随笔 WorldComment | Mino++","https://biluochun.teacon.cn/api/v1/user/avatar?user=558d17cba546409a9a6e84caad72c352"
"57822d93efb5479ea300aa5393f5af58","Zershyan","Zershyan","Zershyan","false","false","1","573","高人一等","https://biluochun.teacon.cn/api/v1/user/avatar?user=57822d93efb5479ea300aa5393f5af58"
"d09a076e30714d4aa98e5e80cc14d45d","zhaodaxiazhansh","zhaodaxiazhansh","zhaodaxiazhansh","false","false","1","459","我的肉鸽","https://biluochun.teacon.cn/api/v1/user/avatar?user=d09a076e30714d4aa98e5e80cc14d45d"
"78dc123cbfd1466b9500ce6a955367f8","zhenshiz","zhenshiz","zhenshiz","false","false","2","505 | 512","更多交互 | chatbox","https://biluochun.teacon.cn/api/v1/user/avatar?user=78dc123cbfd1466b9500ce6a955367f8"
"f24c2cd8a34f47ed8cbe2b0876e39051","zhenzhen0915","zhenzhen0915","zhenzhen0915","true","false","1","495","万物皆可绳","https://biluochun.teacon.cn/api/v1/user/avatar?user=f24c2cd8a34f47ed8cbe2b0876e39051"
"1a59912e9102427d9e697f0515d8fd20","zhifan","zhifan","zhifan","false","false","1","524","Bakeries","https://biluochun.teacon.cn/api/v1/user/avatar?user=1a59912e9102427d9e697f0515d8fd20"
"436c531ab1bf43f7a25e039b34c4ced7","zhongbai233","zhongbai233","zhongbai233","false","false","2","495 | 546","万物皆可绳 | 网络音乐机：听听B站","https://biluochun.teacon.cn/api/v1/user/avatar?user=436c531ab1bf43f7a25e039b34c4ced7"
"6a90ad9970c841b0a866e350e45489db","ZhuRuoLing","ZhuRuoLing","ZhuRuoLing","true","false","5","466 | 511 | 417 | 425 | 585","铁砧工艺：猫+! | 多彩水晶 | 贴贴 | 铁砧工艺 | Neo ECO AE Extension","https://biluochun.teacon.cn/api/v1/user/avatar?user=6a90ad9970c841b0a866e350e45489db"
"bed54801f8fe4bb4932724815ee6b72d","zhuyuetin","zhuyuetin","zhuyuetin","true","false","1","575","ObeliskDepths","https://biluochun.teacon.cn/api/v1/user/avatar?user=bed54801f8fe4bb4932724815ee6b72d"
"f4cab28106b1424c862e7ed52760dcf2","zijianniubi","zijianniubi","zijianniubi","false","false","1","569","方生未逝","https://biluochun.teacon.cn/api/v1/user/avatar?user=f4cab28106b1424c862e7ed52760dcf2"
"14453c46339a4d429154dfcbf5cfdeb2","Zn_xin2xx","Zn_xin2xx","Zn_xin2xx","true","false","1","558","Minecraft Mod MCP","https://biluochun.teacon.cn/api/v1/user/avatar?user=14453c46339a4d429154dfcbf5cfdeb2"
"736318400b6142abb54e2bbadb7cea82","Zoshsgahdnkc","Zoshsgahdnkc","Zoshsgahdnkc","false","false","1","439","V我50","https://biluochun.teacon.cn/api/v1/user/avatar?user=736318400b6142abb54e2bbadb7cea82"
"bdc68cbd4a4b4d92b7eff40455df1051","zx1316","zx1316","zx1316","false","false","3","547 | 506 | 513","混沌炼金 | 深岩银河激光指示器 | 更好的打雪仗3：重制版","https://biluochun.teacon.cn/api/v1/user/avatar?user=bdc68cbd4a4b4d92b7eff40455df1051"
"7c5faf4424b04496b91a147fb781fae9","zzzz_ustc","zzzz_ustc","TsuchiSensei","false","true","1","416","展示玩偶（Display Doll）","https://biluochun.teacon.cn/api/v1/user/avatar?user=7c5faf4424b04496b91a147fb781fae9"
